year,lluviatotalmensual_ACUM,latitud,longitud
2012,0,24.25138889,-103.7955556
2012,0,25.50555556,-103.6538889
2012,0,29.96722222,-115.0969444
2012,0.03,19.91972222,-100.0122222
2012,0.7,30.32055556,-115.8205556
2012,1,32.62444444,-114.8777778
2012,1.1,29.9675,-115.1908333
2012,1.3,27.84694444,-115.0813889
2012,1.8,28.22861111,-113.7552778
2012,1.9,22.75194444,-101.0833333
2012,2.1,28.66805556,-114.2369444
2012,2.3,27.68888889,-114.8972222
2012,2.7,29.15833333,-114.1458333
2012,3.1,32.41861111,-115.0361111
2012,3.3,30.40166667,-115.8883333
2012,3.6,28.3,-114.0258333
2012,3.7,28.3025,-112.8783333
2012,4,26.14,-103.7591667
2012,4.2,28.60388889,-113.5561111
2012,4.3,30.57944444,-115.9377778
2012,4.4,26.71555556,-113.5741667
2012,4.5,30.88444444,-116.1236111
2012,5.1,28.63444444,-114.0172222
2012,5.4,32.57027778,-115.1108333
2012,5.9,25.54222222 ,-103.4691667 
2012,6.5,27.83888889,-113.3208333
2012,7.3,31.71388889,-116.6661111
2012,7.5,31.07222222,-116.2061111
2012,7.5,32.41277778,-115.1919444
2012,7.6,30.95,-116.1
2012,7.8,29.72722222,-114.7108333
2012,8.3,27.88472222,-113.7777778
2012,8.7,26.76694444,-108.8216667
2012,9,25.68111111,-100.7175
2012,9,31.79194444,-116.4061111
2012,9.4,16.75,-94.75
2012,9.4,26.52666667,-112.6533333
2012,9.6,26.38055556,-112.5986111
2012,9.9,31.27027778,-116.0369444
2012,10,15.13305556,-92.24222222
2012,10,16.28305556,-95.88305556
2012,10,16.51944444,-93.96138889
2012,10,16.89027778,-92.92361111
2012,10,17.03166667,-96.99805556
2012,10,17.24583333,-92.12361111
2012,10,17.3,-96.9
2012,10,17.36666667,-95.93305556
2012,10,17.46527778,-98.39722222
2012,10,17.54,-92.34666667
2012,10,18.09611111,-99.55638889
2012,10,18.45694444,-91.14194444
2012,10,18.9525,-99.55194444
2012,10,18.95472222,-88.16444444
2012,10,19.11888889,-99.63194444
2012,10,19.19027778,-98.87083333
2012,10,19.20388889,-98.80333333
2012,10,19.34277778,-98.16055556
2012,10,19.38472222,-98.84611111
2012,10,19.44333333,-98.90277778
2012,10,19.49527778,-99.36777778
2012,10,19.5,-96.885
2012,10,19.56388889,-99.85
2012,10,19.71888889,-104.6019444
2012,10,19.78416667,-98.83222222
2012,10,19.8025,-102.2888889
2012,10,19.80611111,-97.30777778
2012,10,19.84583333,-104.2844444
2012,10,19.93777778,-99.01194444
2012,10,19.95555556,-99.74555556
2012,10,19.99,-99.33222222
2012,10,20.03888889,-101.575
2012,10,20.14361111,-102.8508333
2012,10,20.19027778,-99.25472222
2012,10,20.2275,-89.53194444
2012,10,20.26527778,-98.95805556
2012,10,20.5525,-99.30444444
2012,10,20.62555556,-101.6758333
2012,10,20.90694444,-97.43861111
2012,10,21.06361111,-101.3386111
2012,10,21.06833333,-101.4747222
2012,10,21.21305556,-100.22
2012,10,21.28333333,-100.9169444
2012,10,21.32972222,-103.6141667
2012,10,21.33777778,-89.26583333
2012,10,21.36027778,-101.9205556
2012,10,21.54,-102.5966667
2012,10,21.91833333,-104.9847222
2012,10,21.92722222,-104.9608333
2012,10,21.93333333,-103.0933333
2012,10,21.97416667,-102.5844444
2012,10,22.10916667,-97.79861111
2012,10,22.72111111,-102.6866667
2012,10,23.00111111,-99.7125
2012,10,23.01388889,-105.6666667
2012,10,23.22083333,-110.1444444
2012,10,23.27083333,-109.7791667
2012,10,23.34583333,-109.6458333
2012,10,23.38833333,-98.81111111
2012,10,23.54888889,-98.90388889
2012,10,23.565,-98.79361111
2012,10,23.57388889,-99.75305556
2012,10,23.57444444,-99.85666667
2012,10,23.77361111,-99.24638889
2012,10,23.80944444,-102.4719444
2012,10,23.88527778,-100.9513889
2012,10,23.91861111,-99.00444444
2012,10,24.24,-98.81833333
2012,10,24.26166667,-98.35666667
2012,10,24.3675,-99.09694444
2012,10,24.39666667,-98.38416667
2012,10,24.39972222,-99.11305556
2012,10,24.4875,-106.9541667
2012,10,24.56388889,-100.7727778
2012,10,24.61833333,-98.29722222
2012,10,24.65138889,-111.2152778
2012,10,24.73166667,-99.40277778
2012,10,25.09444444,-111.5083333
2012,10,25.57555556,-105.2197222
2012,10,25.65222222,-104.5291667
2012,10,25.77083333,-99.63388889
2012,10,25.81388889,-103.5741667
2012,10,26.37611111,-112.5125
2012,10,26.52916667,-104.1344444
2012,10,26.92222222,-112.4083333
2012,10,27.01194444,-109.4922222
2012,10,30.48027778,-108.9397222
2012,10,30.63805556,-114.75
2012,10,30.88555556,-114.7791667
2012,10,31.33138889,-115.5436111
2012,10,31.61027778,-115.9375
2012,10,31.91888889,-116.2341667
2012,10,32.04916667,-116.6808333
2012,10,32.10638889,-115.8522222
2012,10,32.1075,-116.4541667
2012,10,32.1275,-115.2780556
2012,10,32.19527778,-116.4855556
2012,10,32.35611111,-115.7488889
2012,10,32.37277778,-116.0680556
2012,10,32.51638889,-116.3027778
2012,10,32.54388889,-116.6783333
2012,10,32.54861111,-116.0463889
2012,10,32.59055556,-116.1916667
2012,10,20.12916667 ,-100.0097222 
2012,10,24.96388889 ,-101.0302778 
2012,10,26.93472222 ,-102.2072222 
2012,10,28.09222222 ,-103.2872222 
2012,10,28.45166667 ,-103.3025 
2012,10.2,29.72194444,-115.1302778
2012,11.4,29.48805556,-114.3638889
2012,11.9,25.77361111,-104.2877778
2012,12.1,31.79027778,-116.5880556
2012,12.2,26.58888889,-112.7222222
2012,12.8,26.00222222,-100.5333333
2012,13.2,29.9375,-114.9669444
2012,13.4,26.10638889,-103.4427778
2012,13.7,31.0375,-115.2041667
2012,14,22.92333333,-100.9413889
2012,16.2,25.85861111,-100.0222222
2012,16.6,15.96305556,-95.70277778
2012,16.6,26.18194444,-112.0777778
2012,16.8,26.05833333,-111.825
2012,16.9,26.39277778 ,-101.3533333 
2012,17.7,24.86944444,-103.6983333
2012,18,26.32416667,-111.9847222
2012,18.2,25.97,-109.3044444
2012,18.5,26.53138889 ,-101.2588889 
2012,18.6,24.6775,-101.7730556
2012,19.1,25.95916667,-112.0819444
2012,19.2,25.97694444 ,-101.2488889 
2012,19.4,23.32777778,-101.7369444
2012,20.1,23.31305556,-101.9594444
2012,20.2,24.8125,-110.9805556
2012,20.6,27.54861111,-112.975
2012,20.7,22.01833333,-101.8547222
2012,20.8,25.43833333 ,-102.1727778 
2012,21,20.06111111,-101.8888889
2012,21.4,25.18888889,-111.4111111
2012,21.6,26.3925,-104.005
2012,21.7,28.63666667 ,-102.9483333 
2012,22.1,23.74611111,-99.98194444
2012,22.1,25.06805556 ,-103.2838889 
2012,22.5,29.83666667,-111.4788889
2012,22.7,24.59027778,-111.4638889
2012,22.8,24.28861111,-103.5066667
2012,23.4,24.39166667,-111.1083333
2012,23.7,19.7325,-98.59555556
2012,23.8,22.0375,-100.7319444
2012,23.8,24.14861111,-110.5677778
2012,24.1,25.5875,-111.6402778
2012,24.8,20.36944444,-99.64805556
2012,25.2,27.26,-112.3508333
2012,25.3,22.64527778,-104.1005556
2012,26.3,19.93583333,-99.28361111
2012,26.4,25.76111111,-112.0375
2012,27.3,24.945,-104.4808333
2012,27.3,25.00055556,-111.8338889
2012,27.3,29.38083333,-110.9005556
2012,27.5,23.47027778,-99.34333333
2012,28.1,23.28888889,-102.3441667
2012,28.2,19.96027778,-98.70805556
2012,28.6,24.84027778,-111.7833333
2012,28.8,28.37694444,-110.5308333
2012,28.9,30.66583333,-111.405
2012,29.6,25.36805556,-111.5194444
2012,29.7,25.61444444,-105.0036111
2012,30.2,26.02222222,-99.19666667
2012,30.3,23.99833333,-104.5858333
2012,30.6,27.59833333,-113.0319444
2012,30.7,24.99166667,-111.4
2012,31.3,21.19805556,-102.125
2012,31.5,30.03055556,-110.675
2012,31.8,18.54611111,-99.64527778
2012,31.8,19.6625,-99.95777778
2012,32.3,25.05,-105.4152778
2012,32.3,25.95222222,-100.1722222
2012,32.4,26.72083333,-112.3055556
2012,32.5,22.60972222,-103.0975
2012,32.7,22.36277778,-102.8891667
2012,33.4,25.49027778,-111.9152778
2012,33.5,21.76805556,-99.90694444
2012,33.8,19.81527778,-98.48416667
2012,34,21.10027778,-101.3983333
2012,34.3,28.47333333,-110.31
2012,34.8,24.86833333,-98.69083333
2012,35.1,22.45472222,-103.1536111
2012,35.2,22.44194444,-101.7855556
2012,35.3,23.95666667,-103.4475
2012,35.4,22.57777778,-102.2694444
2012,35.4,25.60083333,-105.7463889
2012,35.5,23.4075,-99.37527778
2012,35.6,25.39722222,-111.755
2012,35.8,22.80694444,-99.84166667
2012,36,25.10777778,-100.6625
2012,36.6,23.47222222,-109.4527778
2012,36.6,30.62694444,-110.9675
2012,37.6,25.54833333,-104.5838889
2012,37.8,22.1825,-102.2077778
2012,38,26.25694444,-112.4827778
2012,38.1,22.32527778,-100.27
2012,38.4,27.23833333,-100.1313889
2012,38.59,31.31666667,-113.5369444
2012,38.7,28.21833333,-113.0844444
2012,38.8,27.06111111,-112.2388889
2012,38.8,27.65833333,-109.2125
2012,39.3,29.03638889 ,-100.9555556 
2012,39.6,25.59027778,-99.975
2012,39.7,25.86527778,-111.5444444
2012,39.8,20.78555556 ,-100.0452778 
2012,40.1,25.76666667,-105.7858333
2012,40.5,23.64972222,-103.4475
2012,41.07,32.55,-115.4666667
2012,41.2,25.3625,-111.1722222
2012,41.4,21.7675,-102.9688889
2012,41.6,21.02527778,-101.8366667
2012,41.9,24.91888889,-99.25472222
2012,42.1,20.30555556,-101.5972222
2012,42.8,23.78722222,-97.77777778
2012,43,20.5275,-101.3713889
2012,43,25.19638889,-100.2141667
2012,43.3,22.6175,-100.3980556
2012,43.32,31.02916667,-114.8394444
2012,44.56,32.71527778,-114.7288889
2012,45,21.22444444,-101.82
2012,45.4,19.20305556,-99.14916667
2012,45.5,26.07083333,-108.7844444
2012,46,19.57277778,-99.665
2012,46,24.86666667,-98.63472222
2012,46.6,21.34777778,-101.9413889
2012,46.7,19.27888889,-99.68583333
2012,46.7,26.30916667,-99.54916667
2012,47.5,25.12083333,-111.8133333
2012,47.7,22.46805556,-104.2166667
2012,48.5,19.85166667,-98.93638889
2012,48.5,25.18194444,-99.83222222
2012,48.5,27.19361111,-109.1955556
2012,48.6,24.88972222,-100.1802778
2012,49.3,21.48888889,-101.7527778
2012,49.3,22.7675,-102.5886111
2012,49.4,21.77361111,-103.3094444
2012,49.9,25.71527778,-107.9163889
2012,50,18.62694444,-100.8972222
2012,50.4,20.48777778,-100.9627778
2012,51.2,28.82611111,-111.6588889
2012,51.3,24.51833333,-99.38694444
2012,52.2,23.48222222,-98.98027778
2012,53,24.72555556,-99.47111111
2012,53.9,20.90416667 ,-100.2116667 
2012,54.2,23.74777778,-99.17166667
2012,54.6,20.57027778 ,-100.3697222 
2012,55.1,20.08333333,-104.0975
2012,55.9,25.66111111,-108.06
2012,56,20.46611111,-98.66694444
2012,56.2,24.09416667,-99.14694444
2012,56.3,19.30638889,-104.8875
2012,56.4,21.055,-104.4841667
2012,56.5,19.82388889,-98.95444444
2012,56.5,21.7325,-103.2147222
2012,56.9,17.60861111,-99.17583333
2012,57.1,20.3275,-89.63944444
2012,57.1,22.72138889,-97.92138889
2012,57.4,23.72611111,-99.14611111
2012,57.8,24.9925,-99.21333333
2012,58.1,21.92333333,-103.3163889
2012,58.4,24.58111111,-98.94694444
2012,59,21.96444444,-102.6972222
2012,59.1,18.89305556,-100.1022222
2012,59.2,21.2125,-103.3638889
2012,59.3,20.18472222 ,-100.1455556 
2012,59.4,18.13416667,-99.83111111
2012,59.4,24.71194444,-106.5436111
2012,59.6,17.41444444,-100.6069444
2012,59.6,19.35777778,-98.99166667
2012,60.3,24.21194444,-98.48472222
2012,60.3,26.28277778,-106.0105556
2012,60.9,21.81138889,-103.4591667
2012,61,23.90444444,-99.11777778
2012,62.5,24.99111111,-99.74194444
2012,63.2,20.74388889,-105.2294444
2012,63.6,19.85861111,-100.8272222
2012,63.9,23.62666667,-98.37083333
2012,64,19.23555556,-101.4569444
2012,64.2,18.32361111,-98.81972222
2012,66.2,16.82694444,-96.78055556
2012,66.8,20.71527778,-99.12222222
2012,67.3,20.58166667,-102.7455556
2012,67.4,21.04944444,-89.64722222
2012,68.7,19.56277778,-99.21583333
2012,69,18.68305556,-99.85027778
2012,69,19.56138889,-97.14805556
2012,69.2,19.14611111,-100.0627778
2012,69.8,25.80833333,-107.5602778
2012,70.08,20.32083333,-99.23166667
2012,70.5,25.09444444,-107.3930556
2012,70.5,25.15166667,-99.92666667
2012,70.66,27.64722222,-113.4430556
2012,70.9,26.82083333,-112.7972222
2012,71.5,24.68944444,-98.82972222
2012,72.2,18.89222222,-99.23333333
2012,72.4,18.62,-97.41055556
2012,72.8,16.44916667,-93.12527778
2012,73.6,17.38083333,-97.3575
2012,73.9,18.07333333,-100.5113889
2012,74.9,19.39361111,-99.5175
2012,75.1,17.39972222,-96.93305556
2012,75.1,19.95611111,-101.1380556
2012,75.3,23.21666667,-99.07666667
2012,76.3,22.94833333,-98.8
2012,76.3,26.89277778,-108.3541667
2012,76.6,19.87388889,-89.92694444
2012,77.2,23.57111111,-98.53166667
2012,78.05,17.21666667,-100.1122222
2012,78.3,19.445,-103.5041667
2012,78.3,21.13138889,-102.0047222
2012,78.7,24.47361111,-99.49027778
2012,79.5,32.06027778,-115.0594444
2012,79.9,21.8925,-98.29
2012,80.1,20.91305556,-89.955
2012,82,24.08388889,-99.12694444
2012,84,25.89444444,-108.025
2012,85.2,18.96777778,-99.65611111
2012,86.6,23.38166667,-98.015
2012,87.3,21.97361111,-99.00138889
2012,88.5,25.72972222 ,-102.0127778 
2012,90.4,22.92888889,-98.075
2012,91.5,21.6825,-104.3161111
2012,91.8,23.09583333,-105.8458333
2012,92.5,27.15416667,-112.1527778
2012,92.5,26.61333333 ,-102.2730556 
2012,94.01,20.02083333,-99.88
2012,94.2,19.51638889,-101.6097222
2012,95.2,19.26333333,-101.6752778
2012,95.5,22.615,-98.46166667
2012,96.8,22.79833333,-105.265
2012,98.2,22.52083333,-104.3186111
2012,98.5,19.45277778,-99.28361111
2012,100.3,16.08277778,-92.84055556
2012,100.4,22.01666667,-98.78361111
2012,101.1,19.81083333,-98.26611111
2012,101.7,16.32944444,-96.59388889
2012,102.4,22.42388889,-98.42277778
2012,102.8,19.75305556,-103.1811111
2012,103.9,16,-92.75555556
2012,104.1,22.59166667,-105.3416667
2012,105,22.66194444,-99.90611111
2012,106.06,27.96805556,-114.0458333
2012,106.5,24.17583333,-99.04361111
2012,107.8,19.56666667,-88.05
2012,108.05,27.33888889,-112.2697222
2012,108.4,20.16861111,-89.235
2012,109.4,19.50555556,-90.58416667
2012,111,26.62138889 ,-101.3125 
2012,111.1,21.15972222,-88.95777778
2012,113.03,20.38027778,-99.35027778
2012,115.8,20.93694444,-89.02527778
2012,116.7,27.54861111,-113.3888889
2012,117.1,20.41027778,-89.28777778
2012,117.4,24.94444444,-106.2591667
2012,118.8,20.90111111,-88.75805556
2012,120,25.31861111 ,-102.8080556 
2012,120.4,16.09138889,-96.465
2012,123.9,22.01194444,-99.21638889
2012,124.4,19.50138889,-88.39777778
2012,129.4,21.12361111,-88.63861111
2012,131.1,22.85861111,-98.23333333
2012,131.3,20.205,-89.29111111
2012,132.03,29.55,-104.4
2012,132.4,19.72972222,-90.35083333
2012,140.2,28.19416667,-105.4636111
2012,140.4,18.05666667,-90.82055556
2012,140.5,17.98833333,-91.38833333
2012,141.1,17.74194444,-91.76305556
2012,141.2,20.12222222,-88.94833333
2012,143.6,28.2,-105.4666667
2012,144,23.73333333,-101.2244444
2012,146,23.59277778,-101.9033333
2012,146.01,27.04611111 ,-101.7930556 
2012,148,24.98805556,-102.2130556
2012,149.7,17.79166667,-91.15833333
2012,150.3,27.98333333,-110.9666667
2012,150.7,20.44166667,-97.76138889
2012,152.52,30.51722222,-115.9313889
2012,153.6,20.59527778,-89.00527778
2012,154,27.14222222 ,-101.6522222 
2012,154.3,31.73944444,-106.4869444
2012,155.2,28.90361111,-111.555
2012,157.5,21.0275,-98.28972222
2012,157.91,23.90277778,-101.7191667
2012,159.01,31.32916667,-116.2477778
2012,161,26.4825 ,-103.0352778 
2012,162.4,24.39388889,-101.0966667
2012,163.9,24.21444444,-101.9222222
2012,164.7,25.75888889 ,-103.0536111 
2012,167.4,21.14083333,-98.85416667
2012,167.5,22.6375,-105.3208333
2012,168,23.49777778,-102.1336111
2012,168.7,24.71583333,-100.0158333
2012,168.77,32.44694444,-116.9077778
2012,170.4,18.93277778,-90.59861111
2012,171.58,28.16722222,-105.6275
2012,173.3,24.10416667,-98.81138889
2012,173.98,32.47222222,-116.8211111
2012,175.4,27.88666667 ,-101.4022222 
2012,175.8,25.43333333 ,-101 
2012,176.1,26.74166667,-104.3380556
2012,176.7,23.28555556,-101.2108333
2012,177,22.925,-100.4611111
2012,178.18,26.68555556,-103.7469444
2012,178.3,18.30111111,-99.87222222
2012,178.3,27.51888889 ,-100.6197222 
2012,181.2,17.4725,-91.42666667
2012,182.6,16.88805556,-99.86194444
2012,183.5,29.68416667,-110.955
2012,183.6,16.06805556,-96.79416667
2012,185.75,24.08027778,-109.9944444
2012,187,25.11611111 ,-102.6322222 
2012,187.73,25.75722222 ,-102.9955556 
2012,190,27.07805556,-100.4908333
2012,191.4,16.6,-97.2
2012,192,27.41111111,-112.5777778
2012,193.4,17.22083333,-93.73388889
2012,194.31,26.885,-112.6161111
2012,194.9,24.59,-102.1108333
2012,195.53,22.15277778,-100.9772222
2012,197,23.30416667,-101.4288889
2012,197.01,23.96805556,-109.9361111
2012,199,26.16972222,-100.4644444
2012,200.6,16.83388889,-92.58027778
2012,200.7,18.1,-101.0516667
2012,202.44,20.05611111,-98.33444444
2012,202.52,27.18277778 ,-101.4327778 
2012,202.56,27.00388889 ,-101.7244444 
2012,203,27.1375,-112.9055556
2012,203.5,29.125,-110.4772222
2012,203.8,17.83666667,-93.94166667
2012,204.5,21.695,-101.0244444
2012,204.64,30.69777778,-112.1
2012,204.8,22.85888889,-100.1516667
2012,206.37,22.07555556,-99.86527778
2012,206.5,25.85027778,-100.5241667
2012,207.44,25.54611111,-103.5219444
2012,207.7,22.83194444,-101.9125
2012,208.5,25.96222222,-100.0155556
2012,210.1,24.81472222 ,-102.95 
2012,210.35,22.245,-100.9116667
2012,210.53,29.80722222,-109.14
2012,212,23.84333333,-101.96
2012,213.5,23.61805556,-101.7230556
2012,213.5,27.42222222 ,-101.0022222 
2012,213.87,25.77388889 ,-103.2627778 
2012,215.2,27.12555556,-109.8419444
2012,216,23.14805556,-101.3430556
2012,216.25,27.56166667,-109.8458333
2012,216.3,22.99694444,-102.6605556
2012,217.09,31.89583333,-115.5972222
2012,217.17,27.59833333,-109.9302778
2012,217.5,25.94111111,-100.6869444
2012,217.52,27.22916667 ,-101.2275 
2012,218,24.79166667,-112.1111111
2012,218.34,28.97861111,-105.3116667
2012,218.51,24.57666667,-102.7802778
2012,220.9,21.26527778,-102.7769444
2012,222.7,22.61694444,-102.7672222
2012,223,24.44388889,-102.3736111
2012,223.26,23.17388889,-102.8908333
2012,223.5,27.17194444,-100.4105556
2012,224.1,21.3925,-88.89138889
2012,224.37,22.09833333,-100.71
2012,224.92,22.14972222,-100.975
2012,225.3,24.05222222,-110.2011111
2012,225.7,22.28444444,-103.7358333
2012,227,26.16388889,-100.8277778
2012,229.69,26.32388889,-104.3511111
2012,230,24.96027778 ,-100.8605556 
2012,230.2,26.26861111,-109.0372222
2012,232.1,31.14833333,-109.5413889
2012,232.8,22.18305556,-100.9408333
2012,234,23.46444444,-100.9894444
2012,234.87,31.32583333,-109.5488889
2012,234.9,22.83166667,-102.4988889
2012,235.5,21.105,-101.5522222
2012,237.28,32.49055556,-116.6838889
2012,237.33,23.44972222,-102.9597222
2012,237.61,27.41305556,-110.2469444
2012,238,24.09222222,-100.3877778
2012,241.5,24.84444444,-110.9736111
2012,243.12,23.13055556,-101.1102778
2012,243.36,31.86138889,-112.8544444
2012,244,27.42916667,-100.3738889
2012,244.14,24.77972222,-111.15
2012,244.6,22.09055556,-101.1152778
2012,245.16,27.54388889,-105.4119444
2012,246.4,23.09361111,-101.5588889
2012,246.89,23.81694444,-103.0258333
2012,249,30.74166667,-111.1583333
2012,249.36,19.45833333,-100.4941667
2012,249.6,18.79805556,-98.81222222
2012,249.7,21.77083333,-99.91472222
2012,249.87,30.37444444,-109.6875
2012,250.6,24.44333333,-103.1325
2012,251.62,27.29166667,-109.3583333
2012,251.63,24.63138889,-102.7827778
2012,252.25,32.10194444,-116.8111111
2012,252.5,24.22972222,-102.1508333
2012,252.92,22.77888889,-102.5669444
2012,253.6,24.78166667,-102.175
2012,255.5,26.88888889,-111.9844444
2012,256.22,27.62388889,-110.4166667
2012,257,23.16444444,-101.8858333
2012,257.14,30.05472222,-106.9069444
2012,257.2,24.69638889,-100.4419444
2012,258,22.36277778,-99.86416667
2012,258,23.11444444,-101.5458333
2012,258.5,23.79222222,-109.875
2012,259,22.85944444,-100.6886111
2012,259.7,26.42388889,-109.025
2012,260,24.03611111,-110.125
2012,260.5,26.49138889,-100.0583333
2012,261.9,22.25611111,-99.86305556
2012,262.17,23.69944444,-101.93
2012,263.5,26.64138889 ,-101.3583333 
2012,263.9,23.24138889,-102.5747222
2012,263.96,22.13277778,-100.0577778
2012,264.05,25.18333333,-104.5625
2012,264.2,19.71305556,-99.62861111
2012,265,26.54333333,-111.5491667
2012,265.01,27.29861111,-112.875
2012,265.13,23.63472222,-101.3938889
2012,265.25,23.23611111,-100.9533333
2012,265.81,22.85805556,-102.6066667
2012,266,23.24222222,-101.2158333
2012,266.65,29.27083333,-110.6358333
2012,268.9,24.1725,-100.2872222
2012,269.75,24.28388889,-100.7841667
2012,269.8,26.50138889,-100.4219444
2012,271.59,29.09888889,-110.9541667
2012,272.28,22.90861111,-102.6597222
2012,272.68,29.26361111,-107.4572222
2012,272.9,25.87861111,-104.1625
2012,273,26.65805556,-99.98638889
2012,273,27.9797222 ,-102.6944444 
2012,273.62,29.07833333,-110.93
2012,274.04,27.57722222,-105.3713889
2012,274.8,23.75583333,-100.7266667
2012,275,24.26222222,-100.4180556
2012,275.65,25.56722222,-104.2916667
2012,275.8,22.65027778,-102.4916667
2012,278.1,24.68777778,-103.2263889
2012,278.1,25.56666667,-103.5333333
2012,280,24.44111111,-100.3572222
2012,280.12,27.61888889,-110.0022222
2012,280.24,28.77333333,-105.9636111
2012,280.5,26.26694444,-100.6091667
2012,281.48,27.70666667,-109.8963889
2012,281.7,27.35416667,-110.0355556
2012,282.23,27.45472222,-110.0361111
2012,282.25,24.14777778,-101.4836111
2012,282.5,26.50055556,-100.1538889
2012,282.5,26.91833333,-109.4533333
2012,282.5,30.63194444,-109.97
2012,282.6,30.72833333,-111.8361111
2012,283,23.68055556,-109.6972222
2012,284.27,22.86527778,-102.1902778
2012,285,26.81555556,-108.9980556
2012,286,24.57805556,-100.4469444
2012,286.32,20.22722222,-98.44861111
2012,286.33,24.13472222,-110.3361111
2012,286.51,22.28,-101.125
2012,286.52,23.55555556,-103.5669444
2012,287,26.8275 ,-102.725 
2012,287.5,22.03916667,-101.8925
2012,287.7,25.63861111,-100.455
2012,287.73,28.28333333,-110.7
2012,288.5,24.14583333,-110.2055556
2012,288.52,28.77166667,-107.2555556
2012,289.6,23.69305556,-103.0936111
2012,289.74,21.80944444,-99.85444444
2012,290.44,27.71305556,-109.9041667
2012,290.52,25.09166667,-111.3255556
2012,291,25.05333333,-111.1222222
2012,291.03,24.30416667,-111.2125
2012,291.1,20.58138889,-100.8280556
2012,291.95,21.7975,-100.7361111
2012,292.5,22.39222222,-100.0661111
2012,294,22.41194444,-99.84694444
2012,294.14,30.35527778,-108.9316667
2012,294.37,27.7,-105.1833333
2012,295,25.08944444,-104.5763889
2012,295.91,27.82305556,-109.8858333
2012,297.5,23.58194444,-110.2208333
2012,297.6,23.53888889,-109.6763889
2012,298.13,22.26472222,-101.9855556
2012,298.15,26.53666667,-100.5333333
2012,299.06,22.60444444,-101.4386111
2012,299.9,27.28555556 ,-103.7002778 
2012,300.27,27.55,-110.5
2012,300.3,25.81361111,-100.79
2012,301,24.44611111,-104.1222222
2012,301.21,26.73861111,-105.16
2012,301.36,23.28166667,-103.1088889
2012,301.55,22.85222222,-101.2488889
2012,301.55,24.2875,-103.4430556
2012,301.8,19.5075,-100.0977778
2012,301.99,22.52055556,-101.9172222
2012,302.44,23.925,-110.2638889
2012,302.82,27.77666667,-109.9044444
2012,304.91,29.15861111 ,-100.9883333 
2012,305.6,23.24888889,-103.8047222
2012,306.46,27.415,-109.6283333
2012,306.9,24.73666667,-103.5855556
2012,307.9,21.43083333,-99.00833333
2012,308,22.74555556,-102.3694444
2012,308.58,21.66694444,-100.5727778
2012,310.9,29.21472222 ,-100.945 
2012,311.17,27.35305556,-109.8594444
2012,312,25.19527778,-112.1111111
2012,312.2,22.94083333,-102.4875
2012,314.2,25.79361111,-100.1972222
2012,315.3,22.92027778,-101.095
2012,316.9,25.26527778,-103.7736111
2012,317.3,17.46111111,-92.7775
2012,317.32,25.11916667 ,-101.1111111 
2012,318.5,24.79305556,-104.0377778
2012,319.22,30.78333333,-110.85
2012,319.6,21.80388889,-100.9333333
2012,319.92,24.02166667,-110.3552778
2012,320.43,22.75666667,-101.6469444
2012,320.83,22.99277778,-102.8372222
2012,321,23.45027778,-102.3891667
2012,321.14,25.37638889 ,-101.0166667 
2012,321.65,24.62138889,-101.3894444
2012,321.67,27.48138889,-109.9380556
2012,321.9,20.54638889,-89.84944444
2012,322,27.2875,-107.1255556
2012,322.5,23.74166667,-109.8402778
2012,322.5,31.31861111,-110.9458333
2012,323.04,31.32694444,-109.9477778
2012,323.31,19.61638889,-99.66833333
2012,323.8,25.01,-105.2116667
2012,325.64,22.66861111,-101.1294444
2012,325.66,24.32472222,-102.885
2012,325.8,15.19444444,-92.34583333
2012,325.83,23.59722222,-109.5861111
2012,326,22.39583333,-101.8313889
2012,326.6,23.36388889,-110.1652778
2012,327.14,23.89888889,-104.6044444
2012,327.52,29.85638889,-109.3055556
2012,329,21.84194444,-99.64083333
2012,329,24.81,-100.7866667
2012,329.7,23.405,-99.98
2012,330,23.36222222,-100.5541667
2012,330.02,21.92138889,-99.99638889
2012,331.23,27.56027778,-109.8738889
2012,331.58,24.98333333,-102.615
2012,331.74,27.58416667,-110.3244444
2012,331.95,20.47972222,-99.22388889
2012,332.03,27.3,-109.9683333
2012,332.4,20.91916667,-100.4313889
2012,332.9,25.80055556,-100.2755556
2012,333,22.31972222,-101.1766667
2012,333.5,27.53388889,-99.97583333
2012,334.5,22.20833333,-102.0222222
2012,335,28.89666667,-110.25
2012,336,23.54222222,-110.1491667
2012,336.03,29.90333333,-109.3
2012,336.1,26.49333333,-99.52416667
2012,337.15,22.43888889,-102.2516667
2012,338,23.02944444,-101.75
2012,338.14,22.74694444,-102.5066667
2012,338.17,27.71805556,-109.9216667
2012,338.58,22.92583333,-103.1127778
2012,340.46,23.78333333,-102.1602778
2012,340.57,25.23,-104.1066667
2012,340.7,22.55,-99.08666667
2012,340.73,30.23583333,-109.8166667
2012,341,24.70555556,-103.5725
2012,341,30.59888889,-110.8958333
2012,341.01,23.06944444,-109.7069444
2012,342,24.31055556,-100.1894444
2012,342.55,22.18055556,-99.65277778
2012,342.95,22.62888889,-101.7166667
2012,343,17.86666667,-97.36666667
2012,343.1,29.825,-110.2261111
2012,343.71,23.59444444,-100.91
2012,344.4,23.64583333,-100.7011111
2012,344.5,22.10083333,-102.0677778
2012,344.51,28.67055556,-106.1302778
2012,344.78,28.63333333,-106.0833333
2012,345,23.41333333,-100.7441667
2012,345.2,26.23111111,-104.4983333
2012,345.5,22.65333333,-102.355
2012,346.17,30.00361111,-110.215
2012,346.36,21.95472222,-99.99638889
2012,346.82,22.67305556,-102.0408333
2012,347,22.45305556,-102.3472222
2012,347.5,26.76416667,-112.4186111
2012,347.8,20.66416667,-99.13666667
2012,347.8,24.70083333,-100.4163889
2012,348.19,21.84972222,-100.7622222
2012,348.4,24.71,-100.3033333
2012,348.54,22.65722222,-102.4958333
2012,348.8,20.69027778,-90.4525
2012,349.47,22.40194444,-99.59944444
2012,349.68,30.33583333,-110.1675
2012,350.5,23.23166667,-103.6438889
2012,351.31,22.14722222,-102.2791667
2012,351.4,26.85333333 ,-101.1113889 
2012,351.83,23.48222222,-109.7183333
2012,352,21.87361111,-101.2677778
2012,352,25.33805556 ,-100.5302778 
2012,353.34,31.22833333,-110.5933333
2012,353.5,24.32277778,-99.91027778
2012,353.62,24.83888889,-111.1272222
2012,353.71,25.03222222,-111.6702778
2012,354,24.64055556,-103.6983333
2012,354.87,27.52944444,-109.4011111
2012,355.2,22.54805556,-102.7908333
2012,355.71,19.80916667,-100.1294444
2012,355.8,24.84333333,-100.3208333
2012,356.2,24.09583333,-103.4886111
2012,357.14,20.37388889,-99.32638889
2012,358.1,27.3125 ,-102.3963889 
2012,360.5,28.48722222 ,-100.9166667 
2012,362.11,25.83222222,-103.8466667
2012,362.11,28.71333333,-110.3483333
2012,363,27.06388889,-100.0133333
2012,363.44,27.48388889,-110.0130556
2012,364.5,23.73555556,-103.3872222
2012,365,21.73111111,-102.4527778
2012,365.21,24.00166667,-103.9608333
2012,365.79,29.21333333,-110.7286111
2012,366.02,29.22972222,-110.7061111
2012,366.6,25.80111111,-109.035
2012,366.7,23.47388889,-103.5813889
2012,367.3,22.31333333,-102.1658333
2012,368.1,24.53333333,-100.8833333
2012,369.3,23.58,-103.2638889
2012,369.43,21.86361111,-100.0280556
2012,369.5,23.44861111,-110.2233333
2012,369.5,28.71527778,-107.2458333
2012,370.5,18.88083333,-97.43527778
2012,370.5,24.10305556,-99.81833333
2012,370.51,30.21055556,-108.9572222
2012,371,25.20138889,-111.5597222
2012,372.49,27.07194444,-109.4433333
2012,372.5,20.43305556,-99.14944444
2012,373.64,29.19,-108.1413889
2012,373.9,23.47,-104.3986111
2012,375,21.86,-102.6638889
2012,375,22.24777778,-100.5530556
2012,375.3,29.00361111,-110.1377778
2012,377,23.86111111,-110.6555556
2012,377.3,20.85722222 ,-99.89972222 
2012,377.5,24.56666667,-100.2383333
2012,377.67,22.02583333,-100.1777778
2012,377.92,28.46666667,-109.5333333
2012,378.2,21.97583333,-102.0619444
2012,379.3,20.52972222,-98.63527778
2012,379.5,21.80194444,-102.2730556
2012,379.7,20.0725,-98.65333333
2012,381.65,19.58083333,-97.24777778
2012,382.17,23.96444444,-104.735
2012,383.06,22.48638889,-101.7911111
2012,383.71,22.14138889,-102.4152778
2012,383.92,21.90916667,-102.0869444
2012,384.2,21.555,-101.4091667
2012,384.6,25.5625,-108.4611111
2012,385.36,22.00416667,-99.64638889
2012,386.5,25.88694444,-98.80916667
2012,387.38,19.37027778,-97.35583333
2012,387.4,26.11722222,-100.2283333
2012,388.15,19.29138889,-97.34194444
2012,388.86,26.38555556,-105.3772222
2012,389,23.49194444,-104.3875
2012,389.1,22.45277778,-98.19722222
2012,389.5,17.96666667,-97.41666667
2012,390,19.95833333,-102.6
2012,390,23.75555556,-110.2705556
2012,390.47,30.05055556,-111.0213889
2012,390.73,19.41194444,-97.39388889
2012,390.82,22.82361111,-102.9516667
2012,392.53,23.33638889,-104.1675
2012,392.53,26.12694444,-105.0166667
2012,392.57,21.65111111,-99.83055556
2012,392.93,24.00138889,-103.0194444
2012,393.05,30.53333333,-111.1166667
2012,393.47,26.01277778,-111.3433333
2012,393.48,21.45,-100.6636111
2012,393.5,25.42,-104.28
2012,394.02,23.43888889,-110.0694444
2012,394.42,30.39944444,-111.5308333
2012,394.5,19.34638889,-97.45611111
2012,394.7,22.77194444,-103.9441667
2012,395.3,22.18861111,-102.4641667
2012,395.3,32.56888889,-116.6611111
2012,395.89,27.17111111,-109.3583333
2012,396,21.29916667,-100.5166667
2012,396,22.09111111,-102.1813889
2012,396.2,21.475,-100.9191667
2012,396.63,23.80694444,-110.0583333
2012,398,24.46972222,-111.0016667
2012,398.64,22.12805556,-102.3594444
2012,399.37,19.17194444,-99.80611111
2012,399.5,25.12833333,-99.04027778
2012,399.6,25.95916667,-100.2927778
2012,400.5,24.36555556,-100.1136111
2012,400.8,25.08472222,-100.3333333
2012,400.81,22.34722222,-101.7158333
2012,401.56,27.40944444,-110.0375
2012,402.92,20.44055556,-99.37416667
2012,403.5,24.66694444,-99.25388889
2012,405,25.48972222,-100.3888889
2012,405.03,23.69583333,-110.1194444
2012,406.68,23.73777778,-103.9797222
2012,407,23.65,-100.1833333
2012,407.7,25.80138889,-99.17555556
2012,408.4,26.13166667,-99.74444444
2012,408.51,22.09777778,-102.8719444
2012,409.5,25.85444444,-99.94333333
2012,409.71,18.07916667,-102.6561111
2012,410.24,22.20277778,-102.135
2012,412.01,30.81194444,-110.7125
2012,412.79,24.51805556,-104.7833333
2012,413.71,27.45444444,-105.8069444
2012,414,27.84666667 ,-101.1227778 
2012,414.58,23.98055556,-110.15
2012,415,24.19583333,-102.9783333
2012,415.24,22.12083333,-102.8591667
2012,415.5,19.00472222,-103.7313889
2012,415.6,29.20444444,-110.1402778
2012,415.72,22.23972222,-102.0888889
2012,417.25,22.08833333,-101.9672222
2012,417.38,22.4875,-102.46
2012,417.5,19.11777778,-103.7455556
2012,417.71,19.20055556,-102.8372222
2012,418.94,21.19527778,-101.6675
2012,419,25.20805556 ,-100.8297222 
2012,419.5,22.11777778,-101.3991667
2012,420.23,22.07888889,-102.2730556
2012,420.55,22.00083333,-102.1988889
2012,421.74,19.90861111,-99.12638889
2012,421.8,23.59138889,-109.6791667
2012,422.4,16.80055556,-99.17916667
2012,422.5,25.02638889,-100.5486111
2012,424,25.59722222,-111.3361111
2012,424.31,18.98388889,-97.44166667
2012,424.41,19.96055556,-102.5844444
2012,424.5,24.55277778,-103.9641667
2012,426.09,23.68055556,-100.6444444
2012,426.5,21.91638889,-101.9694444
2012,427,26.00444444,-105.5266667
2012,427.26,22.15277778,-101.7069444
2012,427.85,19.50555556,-98.88194444
2012,428,22.23111111,-102.3152778
2012,428,22.48527778,-99.56277778
2012,429.16,18.29583333,-97.16388889
2012,429.24,22.08305556,-102.0911111
2012,429.8,24.70027778,-99.85527778
2012,431.5,25.22222222,-108.1902778
2012,431.7,18.41527778,-98.01666667
2012,431.76,24.02861111,-104.3494444
2012,431.82,20.09888889,-99.12194444
2012,431.9,25.22055556,-105.4488889
2012,433.4,21.04194444,-101.4361111
2012,434.5,29.91277778,-110.2133333
2012,434.6,24.80833333,-105.1338889
2012,435.5,23.62916667,-99.30444444
2012,435.62,22.91166667,-103.2780556
2012,436.64,26.41638889,-108.6177778
2012,437.25,25.26166667,-111.7744444
2012,437.3,18.90222222,-103.7919444
2012,438.29,24.82861111,-111.2188889
2012,438.8,26.11527778,-100.3605556
2012,439.2,28.75972222,-107.6975
2012,441.18,22.84083333,-99.19138889
2012,441.54,22.36277778,-102.2969444
2012,442.5,21.95861111,-102.4758333
2012,442.71,18.85861111,-97.46305556
2012,442.97,23.47194444,-103.88
2012,443.1,29.71055556,-110.5705556
2012,443.6,26.08416667,-105.5658333
2012,444.3,21.9725,-102.3625
2012,444.53,23.63472222,-103.6397222
2012,445,32.00361111,-115.9483333
2012,445.4,29.53472222,-109.5316667
2012,445.95,24.54027778,-104.8102778
2012,447.04,23.2375,-110.0680556
2012,447.45,19.23638889,-102.77
2012,447.5,23.44111111,-109.7944444
2012,447.5,25.69138889,-99.63055556
2012,447.52,24.68472222,-110.8444444
2012,447.87,27.24888889,-109.0583333
2012,448,21.8375,-102.5222222
2012,448.08,22.34722222,-102.7966667
2012,448.23,20.28861111,-99.41111111
2012,449.22,22.23277778,-102.4436111
2012,449.58,20.30944444,-99.7225
2012,449.95,19.38527778,-97.28916667
2012,451.17,20.47555556,-99.74
2012,451.61,21.50277778,-102.6525
2012,452.71,21.15222222,-100.9513889
2012,453.3,23.53333333,-110.0744444
2012,453.31,20.51166667,-100.9513889
2012,453.84,22.43194444,-100.2808333
2012,454,26.22472222,-111.475
2012,455,26.52555556,-105.3733333
2012,455.4,22.91888889,-104.0086111
2012,455.53,20.11833333,-98.88527778
2012,456.3,21.85972222,-100.0763889
2012,456.7,21.98638889,-102.35
2012,457,29.12666667,-110.3147222
2012,457.13,26.98361111,-109.2230556
2012,457.9,24.84722222,-98.15833333
2012,458,20.11777778,-102.3741667
2012,458.02,20.12083333,-98.74916667
2012,458.18,22.68611111,-103.6025
2012,458.97,22.64277778,-103.0019444
2012,459.44,20.33722222,-98.36194444
2012,460.05,23.80222222,-110.1091667
2012,461.18,21.46166667,-103.0866667
2012,461.64,21.04083333,-100.6405556
2012,464.07,30.45194444,-111.2061111
2012,464.34,21.13916667,-100.3305556
2012,464.7,28.05055556,-113.3997222
2012,465.1,25.35,-105.1
2012,465.89,21.10777778,-100.8780556
2012,466.15,19.49,-97.49444444
2012,466.17,26.44055556,-105.5027778
2012,466.66,21.89555556,-102.3086111
2012,467,23.62388889,-103.9177778
2012,467.2,20.83722222,-88.52694444
2012,467.61,29.54083333,-110.1194444
2012,467.8,24.52694444,-104.6555556
2012,468.35,25.73361111,-100.3047222
2012,469,24.05361111,-105.0086111
2012,469.14,20.64138889,-98.82861111
2012,469.5,18.83694444,-97.54722222
2012,470,21.64305556,-101.4788889
2012,470.4,20.05694444,-102.7238889
2012,470.5,25.50138889,-99.52138889
2012,471.02,19.48611111,-97.26416667
2012,471.1,22.67166667,-100.9155556
2012,471.53,30.07,-109.0886111
2012,472.5,24.9075,-111.2905556
2012,474.31,21.63166667,-102.3911111
2012,474.7,19.31805556,-97.64722222
2012,474.83,21.62555556,-101.9663889
2012,475,18.2025,-97.4525
2012,475,23.17833333,-109.7016667
2012,475,25.36694444 ,-100.6205556 
2012,475.43,26.97277778 ,-102.0677778 
2012,475.5,19.83666667,-99.38361111
2012,475.5,21.77861111,-102.1038889
2012,477.7,21.96222222,-102.3505556
2012,478.54,29.42694444,-110.3922222
2012,478.65,24.20527778,-104.6580556
2012,479.1,17.93111111,-99.60138889
2012,479.12,24.97694444,-104.7688889
2012,479.2,24.31361111,-100.0319444
2012,479.52,19.51944444,-98.8125
2012,479.65,21.78055556,-102.3716667
2012,480.8,20.87194444,-101.2444444
2012,481.2,21.93777778,-100.5844444
2012,481.5,19.65527778,-98.22888889
2012,483.15,19.52972222,-98.72666667
2012,483.6,22.01888889,-101.9991667
2012,484.02,30.15555556,-110.245
2012,485.21,21.01194444,-100.3652778
2012,487.01,21.65,-101.4797222
2012,487.05,30.615,-110.9488889
2012,487.1,21.87722222,-102.4633333
2012,487.48,22.4,-103.7261111
2012,487.97,24.53833333,-104.3330556
2012,488,19.96388889,-99.31194444
2012,488,23.28861111,-109.4377778
2012,488.17,19.87277778,-98.71805556
2012,488.2,19.84833333,-98.67083333
2012,488.26,21.89777778,-101.9925
2012,488.5,22.05305556,-100.4588889
2012,490.5,22.84472222,-103.3825
2012,492.32,21.86611111,-101.5930556
2012,492.47,26.51583333,-108.5972222
2012,493.3,17.68666667,-97.39166667
2012,493.3,21.78277778,-102.5175
2012,494,25.5,-105.25
2012,494.44,22.00027778,-102.8891667
2012,495.13,20.37472222,-99.80888889
2012,495.2,25.83194444,-99.62444444
2012,496,23.4225,-100.1180556
2012,496.14,20.15472222,-98.27388889
2012,497.08,21.43361111,-102.5738889
2012,497.49,17.89,-96.99055556
2012,497.5,21.80944444,-102.1297222
2012,498.79,25.12222222,-111.9541667
2012,499,18.98277778,-103.5308333
2012,499.05,19.89777778,-99.33666667
2012,499.06,30.77694444,-110.8608333
2012,499.2,19.57416667,-103.9127778
2012,499.39,22.16638889,-101.9519444
2012,500.18,20.38277778,-101.1788889
2012,501.14,21.87055556,-102.3491667
2012,501.6,23.89305556,-110.1430556
2012,504.05,19.53194444,-98.91055556
2012,504.36,20.22555556,-99.88916667
2012,504.75,19.57611111,-98.91388889
2012,506.5,23.09194444,-103.6711111
2012,507,25.48944444 ,-102.9425 
2012,507.18,20.70777778,-100.8355556
2012,507.3,21.17277778,-101.6963889
2012,507.9,24.80694444,-104.9219444
2012,508,24.75416667,-98.53472222
2012,508.06,20.00972222,-103.5152778
2012,508.96,21.65222222,-102.9813889
2012,509.5,23.86944444,-110.0708333
2012,510.29,21.35305556,-101.8472222
2012,510.4,19.77472222,-99.16694444
2012,511.13,19.6725,-99.68333333
2012,511.37,20.02194444,-99.93083333
2012,511.6,24.59416667,-99.99694444
2012,512.1,21.48277778,-101.2166667
2012,513.21,19.26277778,-99.00361111
2012,514.1,29.11388889,-109.9661111
2012,514.21,19.63888889,-97.10972222
2012,514.3,22.71277778,-98.85194444
2012,515.26,19.33388889,-99.13222222
2012,516.42,20.51138889,-100.7891667
2012,516.8,25.71805556,-99.25583333
2012,520,23.98333333,-99.75
2012,520.02,20.20194444,-101.8269444
2012,520.79,23.73222222,-99.17722222
2012,521,20.88083333,-101.8555556
2012,521.08,19.91444444,-104.0636111
2012,521.9,20.58333333 ,-100.4 
2012,522.4,20.08416667,-98.3575
2012,522.4,23.05305556,-109.915
2012,522.53,20.90555556,-103.7263889
2012,522.82,20.33722222,-102.0213889
2012,524.6,21.15583333,-100.9177778
2012,524.88,20.63944444,-99.32777778
2012,527.19,20.15305556,-98.87
2012,527.53,21.16527778,-90.03055556
2012,528.03,23.69027778,-109.9444444
2012,529.1,22.12333333,-102.5111111
2012,530,20.49277778,-90.0775
2012,530.25,20.71583333,-101.3697222
2012,530.9,21.845,-100.4866667
2012,532.4,22.61138889,-104.0508333
2012,532.5,24.72472222,-104.875
2012,533,21.07972222,-101.6066667
2012,533,22.245,-100.6552778
2012,533.4,19.65833333,-98.55
2012,533.5,18.34777778,-99.4775
2012,533.51,21.28472222,-102.4972222
2012,533.65,21.85027778,-102.2908333
2012,533.84,18.33194444,-97.47444444
2012,534.18,20.05444444,-103.1041667
2012,534.2,21.3225,-101.1066667
2012,534.4,21.885,-102.1091667
2012,534.92,23.76666667,-98.2
2012,535.01,18.96888889,-97.95833333
2012,535.05,20.44666667,-101.5363889
2012,535.6,25.54222222,-100.0086111
2012,536.17,20.155,-99.355
2012,536.53,22.62027778,-103.6530556
2012,537.77,21.75722222,-102.3022222
2012,538.15,21.22,-100.4961111
2012,538.93,21.29888889,-104.8766667
2012,539,28.4,-109.8833333
2012,539.01,21.56333333,-102.4394444
2012,539.1,19.10027778,-103.6205556
2012,539.11,19.10694444,-99.61722222
2012,539.2,21.89027778,-102.8325
2012,539.53,24.93,-111.6283333
2012,539.97,19.75083333,-98.94944444
2012,540.4,24.91083333,-99.68583333
2012,540.53,16.4175,-95.59888889
2012,541,19.17166667,-103.8608333
2012,541.66,28.44416667,-110.3697222
2012,541.8,26.12861111,-106.3333333
2012,541.88,20.05083333,-100.1494444
2012,542,22.54444444,-103.5663889
2012,542.03,20.38055556,-98.96444444
2012,542.5,20.81694444,-101.3188889
2012,543.46,23.5625,-106.4666667
2012,543.7,20.52222222,-101.1183333
2012,544.5,19.13361111,-97.6625
2012,544.6,21.29388889,-89.60833333
2012,544.63,20.67583333,-101.1488889
2012,545.12,20.51888889,-101.1736111
2012,545.5,18.22777778,-97.57805556
2012,547.4,24.51777778,-99.97972222
2012,547.89,21.40472222,-103.1141667
2012,548.2,24.82055556,-100.0830556
2012,548.39,20.12694444,-99.74055556
2012,548.54,27.51944444,-109.2530556
2012,549.5,22.61944444,-99.62055556
2012,549.6,21.74805556,-102.1702778
2012,549.7,25.30638889,-99.73388889
2012,551,19.05611111,-103.7863889
2012,551.26,20.84833333,-100.8258333
2012,551.4,21.99666667,-102.6741667
2012,552.21,19.12972222,-97.73333333
2012,552.5,21.68916667,-99.47166667
2012,553.51,18.97388889,-99.48472222
2012,553.86,20.31944444,-101.4591667
2012,554,19.20333333,-104.335
2012,554,22.2075,-101.0222222
2012,554.81,19.61472222,-97.50111111
2012,555.03,20.66833333,-101.3372222
2012,555.34,28.625,-109.9525
2012,555.6,25.39583333,-99.54555556
2012,555.84,25.95333333,-105.3666667
2012,556.03,21.83666667,-102.7116667
2012,556.35,28.50138889,-107.47
2012,557,20.94777778,-101.4427778
2012,559,20.28138889,-101.0063889
2012,559.6,18.80333333,-103.7738889
2012,560.63,19.5925,-98.12555556
2012,561.2,21.48638889,-103.0208333
2012,561.2,22.16444444,-102.5541667
2012,562.09,20.87,-101.2947222
2012,562.4,22.1775,-102.5861111
2012,563.07,24.76555556,-107.7030556
2012,563.55,23.16638889,-97.95333333
2012,564.03,23.49833333,-100.7197222
2012,564.5,23.83444444,-105.0416667
2012,564.6,21.83527778,-102.1825
2012,565.88,23.96805556,-106.6083333
2012,566.45,16.78333333,-99.41888889
2012,566.6,25.10305556,-99.35111111
2012,566.96,16.71166667,-94.74833333
2012,567.44,21.04305556,-104.7538889
2012,567.99,21.11583333,-104.2608333
2012,568.38,17.8,-96.95
2012,568.6,20.1975,-99.95638889
2012,568.74,19.98555556,-102.2830556
2012,570.78,22.60916667,-103.9483333
2012,571,24.44111111,-98.49166667
2012,571.55,27.05944444,-109.0063889
2012,572.08,27.39861111,-108.8438889
2012,572.4,16.55,-96.36666667
2012,572.9,22.05888889,-103.3619444
2012,573.1,25.24916667,-99.57194444
2012,574.02,28.25777778,-109.2994444
2012,574.2,22.01666667,-100.3316667
2012,574.2,22.04,-98.41111111
2012,575,20.66777778,-100.6080556
2012,575.54,20.28027778,-100.8997222
2012,575.7,25.34611111,-100.28
2012,575.74,21.58972222,-88.1475
2012,576,17.67222222,-99.70111111
2012,576.93,19.47222222,-98.99166667
2012,577.09,23.33194444,-109.9472222
2012,577.1,17.83861111,-96.3675
2012,577.5,24.46361111,-100.2480556
2012,578.5,25.54416667,-100.5230556
2012,579.35,19.62277778,-97.81416667
2012,579.53,21.72388889,-102.8975
2012,580.7,24.97611111,-99.43944444
2012,581.51,16.75083333,-99.23472222
2012,582.2,24.90083333,-99.4975
2012,583,25.02083333,-100.0772222
2012,583.79,20.25777778,-102.5894444
2012,585.23,20.12861111,-101.7488889
2012,585.4,19.9,-100.6916667
2012,585.5,22.99666667,-109.8452778
2012,585.9,21.935,-102.5508333
2012,587.51,22.64972222,-103.6997222
2012,587.93,18.91416667,-101.7177778
2012,589.72,20.73527778,-101.2261111
2012,590,19.68944444,-99.87166667
2012,591.8,24.93805556,-99.38527778
2012,592.39,18.46388889,-97.39305556
2012,592.79,20.92055556,-101.6975
2012,593,23.2575,-98.60833333
2012,593.6,17.56666667,-99.41888889
2012,594.2,22.62777778,-103.8975
2012,594.52,22.28277778,-101.5808333
2012,595.14,20.12722222,-101.0283333
2012,595.86,21.16,-100.9247222
2012,596.52,30.88777778,-110.85
2012,596.68,21.60472222,-103.3377778
2012,596.8,19.58666667,-99.94555556
2012,596.8,20.8425,-101.5938889
2012,597.1,24.87194444,-99.57888889
2012,597.5,20.05388889,-100.6727778
2012,598,25.41722222,-99.99722222
2012,598.5,22.88194444,-109.9125
2012,599.31,19.71666667,-99.46666667
2012,600.2,20.30861111,-101.1727778
2012,600.7,20.19833333,-100.3633333
2012,600.99,20.15361111,-103.1844444
2012,601,20.91194444,-100.7436111
2012,601.6,19.70444444,-99.21916667
2012,603,23.72388889,-106.7816667
2012,603.16,20.97472222,-100.5933333
2012,604.4,21.58611111,-99.56666667
2012,604.9,24.8275,-107.3802778
2012,605.2,21.01472222,-101.2661111
2012,605.8,21.51361111,-87.68305556
2012,606.38,20.615,-99.11555556
2012,606.55,21.63333333,-99.25833333
2012,607.16,20.56527778,-101.1997222
2012,608.34,19.29888889,-97.76972222
2012,608.4,21.72583333,-102.2722222
2012,609.54,19.68861111,-101.1761111
2012,610.02,25.36333333,-106.7005556
2012,610.2,22.84444444,-99.33166667
2012,610.51,19.89722222,-101.0380556
2012,610.83,27.41194444,-108.8766667
2012,611.72,22.33305556,-103.4933333
2012,612.3,23.14333333,-110.0011111
2012,612.8,21.74222222,-102.7169444
2012,613,19.02333333,-97.56694444
2012,613.22,21.21111111,-101.4258333
2012,615.39,19.08527778,-97.54138889
2012,615.9,18.89833333,-97.72805556
2012,616,22.3575,-103.21
2012,616.45,20.30555556,-101.7827778
2012,617,21.07222222,-101.1961111
2012,617.01,20.11972222,-99.54444444
2012,617.8,21.05805556,-104.0513889
2012,617.86,24.89444444,-106.1208333
2012,618.65,21.23111111,-101.7052778
2012,618.8,24.52277778,-105.9516667
2012,619.79,20.53638889,-100.8166667
2012,620.12,19.84722222,-88.13777778
2012,620.35,19.42805556,-97.79888889
2012,620.4,22.59805556,-100.1447222
2012,621,23.69916667,-99.18805556
2012,621.46,20.54444444,-100.6855556
2012,621.5,19.59694444,-98.63194444
2012,621.91,20.21444444,-100.8858333
2012,622,20.455,-100.6208333
2012,622.4,19.9075,-100.3191667
2012,622.5,19.47666667,-99.09138889
2012,623,27.86916667 ,-101.5194444 
2012,623.4,18.33527778,-100.0725
2012,623.67,20.51027778,-101.6294444
2012,624,22.01694444,-100.375
2012,624,20.6 ,-100.4333333 
2012,624.14,19.24694444,-102.7686111
2012,624.38,20.11055556,-100.7236111
2012,625.06,19.96472222,-98.51305556
2012,625.21,25.93305556,-105.9516667
2012,626.61,21.26944444,-101.1355556
2012,626.95,18.90277778,-99.455
2012,627.28,20.37416667 ,-99.99833333 
2012,630.01,20.45638889,-98.91055556
2012,630.72,22.15666667,-103.2327778
2012,632,19.855,-99.96777778
2012,632.5,19.21138889,-103.8063889
2012,632.56,21.64944444,-103.3397222
2012,633.6,19.79611111,-99.995
2012,634.51,18.81027778,-98.95083333
2012,635,16.76666667,-99.23444444
2012,635,19.7975,-100.995
2012,635.75,17.54027778,-98.59055556
2012,636.11,19.50027778,-97.75805556
2012,636.3,18.65083333,-98.9925
2012,637.07,26.14166667,-111.4555556
2012,637.63,20.7625,-100.6147222
2012,637.77,24.95861111,-99.32972222
2012,637.95,20.71972222,-100.7633333
2012,638,16.50333333,-96.10833333
2012,639.5,19.21666667,-103.7130556
2012,639.72,19.96666667,-102.325
2012,639.74,20.92222222,-101.0611111
2012,639.98,16.63666667,-95.95972222
2012,640.4,22.22361111,-102.1688889
2012,640.83,20.94333333,-101.4302778
2012,641.3,20.05444444,-99.69027778
2012,641.4,19.46472222,-97.95805556
2012,642.5,21.2325,-101.6391667
2012,643.37,22.30694444,-103.5616667
2012,644.01,19.94,-104.2597222
2012,646.11,20.36972222,-100.5547222
2012,646.59,30.33055556,-110.7061111
2012,650.4,26.2225,-99.4825
2012,650.54,18.80416667,-98.95083333
2012,652.11,19.85416667,-98.30833333
2012,652.26,21.07861111,-101.8711111
2012,652.9,17.28305556,-96.88305556
2012,653.6,18.98277778,-97.35222222
2012,653.87,19.46527778,-99.07916667
2012,653.87,21.825,-103.7833333
2012,654.53,23.075,-110.0258333
2012,654.55,18.6125,-98.165
2012,654.7,17.46527778,-98.51805556
2012,655,16.66333333,-96.3075
2012,655.43,19.92111111,-100.8622222
2012,655.7,23.38777778,-104.2472222
2012,656.36,24.06555556,-98.39
2012,656.6,19.58666667,-98.4275
2012,657.7,18.33805556,-99.64666667
2012,658,18.72111111,-97.785
2012,658,22.66166667,-98.455
2012,658.64,22.6625,-103.3575
2012,658.7,22.62361111,-103.4116667
2012,659,25.87222222,-108.3236111
2012,659.16,24.2525,-99.43444444
2012,659.17,20.54777778,-104.0472222
2012,659.27,20.04444444,-98.36833333
2012,660.81,21.14833333,-102.6888889
2012,661.1,17.60333333,-99.93333333
2012,662.2,25.46944444,-108.0916667
2012,662.35,25.46666667,-108.0833333
2012,662.44,27.84083333,-109.3675
2012,663.82,24.98888889,-105.8916667
2012,664.13,20.7575,-88.93388889
2012,664.4,19.45361111,-99.23833333
2012,664.9,21.13611111,-101.6988889
2012,665.5,28.80277778,-106.4847222
2012,665.62,20.29,-103.1891667
2012,665.64,20.69583333,-102.9525
2012,666,29.05527778,-109.2327778
2012,666.58,21.29861111,-100.0925
2012,666.9,20.21944444,-98.57861111
2012,667.04,21.79444444,-102.8016667
2012,668.24,19.88888889,-102.205
2012,669.03,23.6525,-99.10388889
2012,669.37,16.30055556,-95.72666667
2012,669.6,22.42305556,-97.945
2012,669.67,19.99416667,-105.1625
2012,670.41,19.61027778,-98.64166667
2012,671.95,17.85,-97.18305556
2012,673.75,20.3375,-102.2830556
2012,676.1,18.97083333,-102.75
2012,676.19,19.46222222,-99.77555556
2012,676.24,21.03416667,-101.2558333
2012,678.5,29.25194444,-108.0927778
2012,678.63,18.98805556,-102.1030556
2012,679.51,18.86944444,-97.91972222
2012,679.72,20.39527778,-103.1355556
2012,679.96,17.75555556,-99.48111111
2012,680.18,20.28722222,-100.7602778
2012,680.45,24.79194444,-107.3980556
2012,681,19.82638889,-100.8788889
2012,681.2,19.68416667,-99.12666667
2012,681.27,20.23666667,-98.32416667
2012,681.7,19.08361111,-98.73833333
2012,682.69,16.57944444,-96.73722222
2012,683,17.92027778,-99.03861111
2012,683.76,20.99166667,-101.2272222
2012,684.3,19.37027778,-100.1569444
2012,685.81,19.17888889,-99.00277778
2012,687,18.47583333,-101.3591667
2012,687.4,18.736944,-102.788333
2012,687.6,25.23027778,-99.25416667
2012,688.13,18.29361111,-100.6758333
2012,688.67,23.82166667,-104.9261111
2012,688.8,19.45,-96.54416667
2012,689.3,18.88388889,-98.38027778
2012,689.91,20.14305556,-100.5188889
2012,690,20.18833333,-102.4333333
2012,690.01,21.04861111,-101.8383333
2012,692,19.52444444,-99.74138889
2012,692.2,19.96027778,-99.45722222
2012,692.2,21.36527778 ,-99.59027778 
2012,693,23.10833333,-109.8541667
2012,694.15,28.75,-109.6344444
2012,694.53,23.93916667,-98.93583333
2012,696,19.75305556,-99.64
2012,696.15,20.33555556,-103.0175
2012,696.5,25.73472222,-111.2694444
2012,697.03,17.655,-99.52527778
2012,697.33,21.3575,-102.8455556
2012,698.44,28.18277778,-108.2138889
2012,699.38,19.33888889,-99.68416667
2012,700,28.64611111,-109.1075
2012,700.6,16.47111111,-94.00388889
2012,701.5,28.42166667,-108.4216667
2012,702.3,22.49055556,-103.8388889
2012,702.9,20.1,-99.82
2012,703.09,20.95777778,-100.8933333
2012,703.92,21.56055556,-102.7863889
2012,704.26,19.91722222,-99.68
2012,705.1,19.14777778,-102.3325
2012,705.7,19.82333333,-101.0383333
2012,705.71,19.26722222,-99.95027778
2012,705.86,17.64444444,-101.5511111
2012,706,16.695,-95.28583333
2012,706.2,20.13305556,-98.66916667
2012,706.5,19.51972222,-98.26916667
2012,706.6,20.27583333,-101.3588889
2012,706.93,19.06527778,-101.4277778
2012,707.31,20.09416667,-103.3763889
2012,707.4,19.66916667,-99.83083333
2012,708.26,19.86472222,-98.35583333
2012,708.6,19.05361111,-101.4205556
2012,709.6,23.17222222,-109.9861111
2012,710,20.39805556,-100.8855556
2012,710.34,19.86166667,-99.9175
2012,710.9,25.21472222,-99.93833333
2012,711.09,18.475,-100.9763889
2012,711.37,23.50444444,-104.8244444
2012,712.75,24.61805556,-106.8166667
2012,712.93,19.0125,-102.2
2012,713.39,20.85916667,-90.4
2012,713.98,21.20694444,-103.4588889
2012,714.3,24.97388889,-100.2586111
2012,715.2,20.29944444,-98.86222222
2012,715.58,22.37611111,-103.9247222
2012,715.7,24.78111111,-99.69777778
2012,715.88,20.79861111,-104.0041667
2012,716.2,19.78027778,-99.68638889
2012,716.51,19.265,-103.2911111
2012,716.83,21.26722222,-99.71777778
2012,717.01,19.31583333,-97.91111111
2012,717.73,20.28083333,-98.65861111
2012,719.48,20.22944444,-99.21527778
2012,719.5,19.46277778,-100.1977778
2012,719.55,21.05194444,-103.4388889
2012,719.7,19.41555556,-98.14
2012,720.78,20.67527778,-101.8441667
2012,721.5,19.38333333,-100.3833333
2012,722.07,26.24777778,-104.9194444
2012,723,16.8,-98.7025
2012,723,19.94416667,-98.75388889
2012,723.3,23.45361111,-99.50916667
2012,724.01,19.40083333,-99.945
2012,724.5,25.16583333,-99.31833333
2012,725.83,23.64666667,-98.08333333
2012,726.1,27.39305556,-108.5361111
2012,726.29,21.26,-89.045
2012,726.65,18.41666667,-100.4683333
2012,727.1,20.15833333,-103.0433333
2012,727.22,19.20944444,-99.58861111
2012,727.4,21.24222222 ,-99.26027778 
2012,728.65,19.55555556,-98.20277778
2012,728.95,24.93611111,-106.975
2012,730.5,24.09722222,-106.6666667
2012,730.8,18.58194444,-99.04472222
2012,730.9,19.7,-101.1833333
2012,732.3,19.19055556,-99.02194444
2012,733.04,21.46861111,-103.4619444
2012,733.9,19.80111111,-102.6702778
2012,734,18.19916667,-97.88638889
2012,734,20.42583333,-103.2422222
2012,735.12,24.07083333,-98.74222222
2012,735.3,19.45611111,-100.0694444
2012,735.64,19.33333333,-101.1833333
2012,737.3,18.90833333,-103.8744444
2012,738.4,21.15361111,-98.38916667
2012,738.52,19.44083333,-99.54527778
2012,738.64,20.60805556,-102.2152778
2012,739.1,18.48333333,-98.71666667
2012,739.3,19.11222222,-103.8838889
2012,740.84,16.71666667,-95
2012,743,20.85055556,-100.8472222
2012,744.73,20.00416667,-103.1541667
2012,745.14,18.15416667,-100.5
2012,746.5,19.67305556,-101.5561111
2012,746.56,16.44194444,-95.44666667
2012,747.25,23.34055556,-106.2405556
2012,747.8,20.705 ,-99.81388889 
2012,748.6,24.69416667,-99.6675
2012,748.81,20.14916667,-100.2972222
2012,749.74,20.55361111,-100.5827778
2012,750,20.71694444,-102.4411111
2012,750.64,16.43444444,-95.37416667
2012,750.9,20.49944444,-101.9488889
2012,753.5,16.99722222,-96.4325
2012,754.8,22.65861111,-98.69083333
2012,755.5,20.52194444 ,-100.4480556 
2012,755.59,18.73833333,-97.91111111
2012,756.07,18.52666667,-98.58222222
2012,757.6,22.81416667,-98.41972222
2012,758.14,19.50277778,-96.61111111
2012,758.21,19.81194444,-100.0813889
2012,758.37,17.57333333,-97.5225
2012,758.48,20.0325,-100.7122222
2012,758.91,20.14666667,-99.91472222
2012,760.05,17.55138889,-99.50083333
2012,761.5,19.9725,-100.4511111
2012,762,23.91388889,-106.9041667
2012,762.5,18.46555556,-100.5666667
2012,763.3,19.40361111,-99.19611111
2012,763.45,19.39138889,-99.52527778
2012,763.95,20.80611111,-104.4027778
2012,764.68,23.255,-98.83333333
2012,765.6,19.695,-99.30166667
2012,766.25,21.03333333,-104.375
2012,766.8,22.25527778,-104.5161111
2012,767.01,20.74027778,-101.0494444
2012,767.2,22.96305556,-98.12805556
2012,767.22,15.36416667,-92.24805556
2012,768.08,19.46111111,-100.0538889
2012,769.4,17.72,-92.80638889
2012,769.85,19.9975,-100.5122222
2012,770.03,20.92777778,-103.0233333
2012,770.6,19.96,-97.96
2012,771,19.43361111,-103.95
2012,771.08,25.73055556,-108.3458333
2012,771.2,20.8575,-102.22
2012,772.5,16.69194444,-93.56305556
2012,772.5,19.62333333,-99.28222222
2012,773.1,20.17611111,-100.555
2012,774,23.14444444,-98.75111111
2012,774.4,28.36666667,-108.9333333
2012,774.7,17.6225,-98.51333333
2012,774.8,23.5625,-99.025
2012,775.84,20.72527778,-102.8127778
2012,776,21.25888889,-103.1569444
2012,776.12,18.03333333,-99.04111111
2012,777.9,18.75888889,-103.7258333
2012,777.92,19.1125,-97.95611111
2012,778.5,19.78333333,-101.4777778
2012,778.6,17.125,-100.3519444
2012,778.66,28.46222222,-109.5263889
2012,779.1,18.7125,-98.2625
2012,779.41,24.56666667,-99.55111111
2012,780.76,17.04166667,-100.1166667
2012,780.98,20.20277778,-104.0488889
2012,781.61,20.29833333,-101.0669444
2012,782,19.9325,-102.9444444
2012,783.11,19.19666667,-99.12861111
2012,783.34,19.55611111,-99.9475
2012,783.4,19.825,-99.79083333
2012,783.6,18.99388889,-97.80555556
2012,783.86,19.58611111,-98.56388889
2012,783.94,19.7725,-101.1780556
2012,784.87,19.42805556,-99.6125
2012,784.94,25.36666667,-107.8375
2012,786.3,26.47416667,-106.3883333
2012,786.47,26.47555556,-106.3875
2012,786.76,19.53416667,-99.23944444
2012,786.92,16.55277778,-92.80416667
2012,787.4,20.15833333,-98.72861111
2012,787.98,20.32888889,-102.5425
2012,788,18.53111111,-98.9375
2012,789.27,20.51027778,-103.8569444
2012,790.01,25.48277778,-107.9211111
2012,790.12,20.43833333,-101.7422222
2012,790.41,18.60388889,-97.2725
2012,791,25.29694444,-99.34888889
2012,791.5,21.97444444,-103.525
2012,792.4,17.71972222,-98.97527778
2012,792.46,20.26666667,-103.425
2012,792.51,18.52,-99.145
2012,792.6,18.93,-104.0811111
2012,792.7,19.75777778,-89.84305556
2012,792.81,21.18166667,-102.8905556
2012,793.79,23.17805556,-99.46138889
2012,794.2,19.87333333,-103.5433333
2012,794.31,20.12555556,-101.1913889
2012,796.1,21.98333333,-103.6
2012,796.6,25.28361111,-100.0202778
2012,796.7,19.35944444,-89.58111111
2012,797.26,19.59555556,-99.35472222
2012,797.7,17.48555556,-99.45388889
2012,798.07,23.69027778,-105.3527778
2012,798.31,18.51,-88.56861111
2012,798.55,24.14833333,-105.9527778
2012,798.71,19.95805556,-99.53166667
2012,798.92,18.70583333,-99.09388889
2012,799.2,25.42944444,-100.1288889
2012,799.32,17.73305556,-96.84972222
2012,800.93,18.19972222,-98.26027778
2012,801.5,17.26666667,-96.54972222
2012,802.1,18.29555556,-98.81555556
2012,802.7,19.7975,-99.87444444
2012,803.2,21.02972222,-89.63972222
2012,804.01,19.76916667,-100.1402778
2012,804.02,18.67083333,-98.97527778
2012,805.57,19.29861111,-98.43388889
2012,806,16.5775,-92.71527778
2012,806.49,18.61111111,-99.25972222
2012,806.98,24.74805556,-107.4344444
2012,807.11,19.26138889,-98.37055556
2012,808,18.01333333,-91.56416667
2012,811.01,19.6975,-97.5475
2012,812.16,19.08861111,-102.3508333
2012,812.55,19.30333333,-99.14805556
2012,812.8,21.40805556,-88.505
2012,813.05,16.57472222,-94.80444444
2012,813.1,19.39527778,-99.09777778
2012,813.36,20.05166667,-102.8372222
2012,814.6,22.91666667,-98.5975
2012,814.82,18.45,-99.1
2012,815.28,21.49944444,-103.5505556
2012,817.21,19.38944444,-100.0758333
2012,818.34,25.51,-100.1933333
2012,819.82,20.33083333,-102.7633333
2012,821.2,19.32666667,-98.36611111
2012,822.05,16.86638889,-99.90555556
2012,822.09,19.42916667,-99.05277778
2012,822.4,19.64694444,-99.61333333
2012,823.13,16.96527778,-93.12027778
2012,823.26,18.62916667,-99.32583333
2012,824.2,19.64861111,-103.9833333
2012,824.99,23.725,-98.74527778
2012,826,23.60527778,-99.20305556
2012,826.49,19.62194444,-97.68111111
2012,827.79,19.70444444,-99.70305556
2012,828.31,19.38861111,-98.02138889
2012,828.8,19.27888889,-103.6616667
2012,829.26,22.21361111,-98.985
2012,829.3,18.81555556,-103.6341667
2012,829.92,19.98944444,-100.5891667
2012,830.5,19.90388889,-101.2611111
2012,831.03,22.98861111,-99.145
2012,831.5,19.92666667,-102.8758333
2012,831.81,19.71111111,-99.78888889
2012,833.64,19.28527778,-99.65277778
2012,834.11,18.31694444,-100.28
2012,835.3,20.99416667,-101.9941667
2012,836.52,18.92805556,-97.51138889
2012,836.8,18.93833333,-103.9463889
2012,838,17.20833333,-100.7572222
2012,838.12,18.47111111,-98.77777778
2012,841.01,19.28583333,-99.52361111
2012,841.3,19.08694444,-98.88472222
2012,841.51,21.01805556,-102.8258333
2012,841.7,20.10111111,-101.3958333
2012,845.51,20.04055556,-98.17388889
2012,845.91,17.13638889,-96.62805556
2012,847.22,24.25277778,-98.97777778
2012,848.2,16.87305556,-93.22694444
2012,848.2,18.63666667,-99.20083333
2012,848.2,18.65,-99.18333333
2012,848.5,18.93083333,-100.5647222
2012,849.3,19.16194444,-98.40638889
2012,850.2,23.59777778,-97.78027778
2012,850.79,19.21472222,-100.4066667
2012,851.53,19.01972222,-97.45055556
2012,851.75,16.865,-96.78444444
2012,852.12,20.48055556,-102.2488889
2012,852.5,23.56916667,-99.415
2012,852.7,16.82972222,-99.77833333
2012,852.8,21.21666667 ,-99.46666667 
2012,853.04,18.61222222,-98.46805556
2012,853.47,20.04888889,-101.2408333
2012,854.09,19.875,-99.735
2012,854.6,19.98722222,-98.29722222
2012,854.7,19.26638889,-104.3416667
2012,855.06,18.70027778,-99.38444444
2012,855.18,20.98833333,-87.20444444
2012,856.7,17.7475,-98.65305556
2012,858.6,19.98805556,-90.11777778
2012,859.6,19.71861111,-104.2033333
2012,861.3,19.49388889,-99.84166667
2012,861.6,16.75916667,-93.08861111
2012,861.68,16.94166667,-93.09861111
2012,865.7,21.105,-89.45361111
2012,866,17.37027778,-98.83777778
2012,866.01,21.22388889,-103.6058333
2012,866.5,17.46666667,-97.21666667
2012,867.48,20.55,-102.5083333
2012,868.69,18.85055556,-98.95527778
2012,868.96,22.40555556,-105.4583333
2012,869.15,16.72277778,-93.015
2012,870.44,19.4125,-99.20166667
2012,870.74,18.3,-98.05
2012,871.4,19.24333333,-98.19083333
2012,871.8,22.36111111,-104.4316667
2012,871.97,17.77777778,-98.72972222
2012,872.79,19.70722222,-98.44916667
2012,873.82,19.29111111,-99.71416667
2012,875.64,18.90638889,-98.97027778
2012,878.3,22.87694444,-98.035
2012,879.06,19.53972222,-100.4822222
2012,880.47,22.77888889,-98.10333333
2012,880.88,21.88833333,-104.3561111
2012,880.95,18.58388889,-99.18416667
2012,881.84,20.98416667,-89.65805556
2012,882,20.64333333,-90.21527778
2012,882.35,16.25111111,-92.13416667
2012,883.5,19.58055556,-97.95833333
2012,885.01,20.43944444,-103.6325
2012,885.38,20.42638889,-90.03111111
2012,885.6,23.525,-104.7227778
2012,887,19.225,-104.2322222
2012,887.2,18.8975,-98.13222222
2012,887.5,16.23333333,-92.13333333
2012,888.15,19.82444444,-97.80722222
2012,889.1,24.44388889,-105.785
2012,889.15,20.03861111,-99.86444444
2012,891.6,18.93888889,-98.135
2012,891.68,21.07333333,-89.52083333
2012,892.1,19.81527778,-90.38111111
2012,892.5,19.36194444,-103.7936111
2012,893.29,21.975,-98.56666667
2012,893.4,19.47194444,-98.34527778
2012,893.43,16.11777778,-92.05166667
2012,894.82,19.29222222,-99.76777778
2012,895,15.43361111,-92.11416667
2012,895.2,17.91194444,-98.48194444
2012,895.62,17.13333333,-100.5194444
2012,896,17.06583333,-96.87833333
2012,896.3,18.74694444,-99.675
2012,897.42,18.59861111,-99.36944444
2012,898.29,22.56583333,-97.905
2012,899,17.79527778,-98.56444444
2012,899.1,17.47444444,-101.2144444
2012,899.5,18.37555556,-98.36305556
2012,899.7,16.66222222,-92.95638889
2012,900.26,19.23444444,-99.80805556
2012,900.38,19.34083333,-99.79833333
2012,901.06,20.25194444,-104.5913889
2012,901.3,16.97083333,-98.25444444
2012,902.92,19.69694444,-103.9827778
2012,903.2,19.4925,-98.53527778
2012,903.6,21.07027778,-98.49
2012,906.8,19.91555556,-103.0194444
2012,907,22.35222222,-99.03861111
2012,908.26,18.98972222,-99.75583333
2012,908.5,22.05916667,-98.17555556
2012,909.31,18.10944444,-98.48333333
2012,909.51,22.025,-98.33611111
2012,911,18.64333333,-98.69111111
2012,911.09,19.87416667,-89.21694444
2012,912.32,18.88333333,-98.865
2012,913,18.3025,-99.33277778
2012,915.17,20.88277778,-103.8366667
2012,915.6,19.81638889,-100.4155556
2012,916.28,20.62361111,-103.2411111
2012,916.81,18.73,-98.7625
2012,917.4,17.74777778,-100.2027778
2012,918,19.58111111,-99.27833333
2012,918.13,19.19972222,-97.9075
2012,919.41,19.2925,-99.92222222
2012,920.13,25.12916667,-106.3625
2012,920.5,19.52722222,-90.18777778
2012,920.52,18.5775,-99.18055556
2012,921.4,20.50416667 ,-100.4244444 
2012,922.6,20.46361111,-89.22333333
2012,922.73,18.79583333,-99.4675
2012,922.73,18.85444444,-99.02166667
2012,923,15.84861111,-91.96805556
2012,923,18.35555556,-100.2744444
2012,923.53,20.42055556,-103.5911111
2012,924.9,16.75277778,-93.11666667
2012,925.3,17.00722222,-100.0875
2012,925.92,16.31055556,-91.97472222
2012,928.01,17.08916667,-100.3261111
2012,928.11,15.97916667,-95.68888889
2012,928.72,19.89722222,-103.7872222
2012,929.51,19.30722222,-98.38277778
2012,929.98,19.98888889,-101.275
2012,930,19.16194444,-104.2655556
2012,930,22.12583333,-98.73
2012,930.6,19.7725,-100.2883333
2012,932.4,22.95555556,-97.93583333
2012,933.1,19.285,-104.245
2012,933.2,16.79694444,-93.26527778
2012,933.68,18.735,-99.26583333
2012,933.87,18.72583333,-99.46916667
2012,934.95,24.8,-107.1625
2012,935.21,18.48777778,-99.30611111
2012,935.4,22.37222222,-99.455
2012,936.05,21.7425,-98.16083333
2012,937.44,16.74055556,-93.03111111
2012,937.6,16.39027778,-92.075
2012,938.8,19.84222222,-90.53166667
2012,939.4,17.25,-100.5686111
2012,939.52,19.1925,-100.1305556
2012,939.9,19.02694444,-98.77972222
2012,940.37,19.675,-101.3916667
2012,940.53,20.57611111,-104.3805556
2012,942.08,19.50472222,-99.90666667
2012,942.6,19.31222222,-103.7261111
2012,944.9,17.47138889,-99.36916667
2012,945.19,23.08416667,-98.7875
2012,946.2,19.16222222,-103.5241667
2012,946.39,19.71944444,-100.0419444
2012,946.95,20.63833333,-103.3105556
2012,947.3,21.345,-98.22611111
2012,947.5,18.10222222,-100.6755556
2012,948,20.64305556,-89.46166667
2012,948.6,20.61666667,-103.0666667
2012,948.84,19.41277778,-100.3938889
2012,950.1,18.89166667,-98.85833333
2012,950.9,16.44666667,-98.64194444
2012,950.96,19.83944444,-98.03277778
2012,953.51,22.32444444,-98.1475
2012,954.02,25.34305556,-107.2208333
2012,954.1,17.56694444,-98.7275
2012,956.13,17.51666667,-96.93305556
2012,956.2,20.70638889,-103.3922222
2012,957.71,18.89416667,-99.64305556
2012,960.1,27.505,-108.735
2012,961.74,20.67638889,-103.3461111
2012,962.51,22.79416667,-98.71611111
2012,963.16,19.32388889,-98.24666667
2012,963.71,18.44,-99.025
2012,964.3,20.76666667,-104.1
2012,965,19.47611111,-99.71444444
2012,965.8,19.525,-103.4333333
2012,966,21.97666667,-97.99083333
2012,966.31,18.92166667,-98.45416667
2012,966.8,17.21027778,-100.4166667
2012,967.7,16.37916667,-92.2375
2012,968.5,17.39222222,-97.19194444
2012,968.79,19.79305556,-89.33277778
2012,969.5,18.84666667,-98.61194444
2012,969.91,19.73194444,-99.5475
2012,970.6,18.50277778,-99.79222222
2012,971.28,19.17638889,-100.2163889
2012,972,18.75916667,-99.12111111
2012,972.45,18.77055556,-100.2572222
2012,973.46,19.97833333,-103.2605556
2012,973.92,18.63805556,-98.81777778
2012,974.02,19.39916667,-99.90833333
2012,974.43,18.93666667,-98.92805556
2012,978,20.65,-89.68
2012,978.05,19.24833333,-99.57555556
2012,979.3,18.85444444,-99.22722222
2012,980.2,19.24166667,-103.9661111
2012,981.7,19.10555556,-98.46361111
2012,982.1,17.28805556,-97.36805556
2012,982.7,18.59638889,-98.84361111
2012,983,21.51333333,-98.1775
2012,983.98,20.87777778,-99.20833333
2012,984.2,16.36888889,-98.54277778
2012,984.3,19.35555556,-90.72333333
2012,984.34,18.29527778,-99.4775
2012,984.53,18.685,-99.24388889
2012,984.78,20.49277778,-89.71222222
2012,985,18.29972222,-101.2602778
2012,985,19.95388889,-98.32583333
2012,985.45,17.38083333,-101.0583333
2012,986.8,22.91555556,-98.34555556
2012,987.44,19.92305556,-101.7469444
2012,987.5,22.21972222,-105.6458333
2012,987.7,20.64861111,-87.935
2012,988,18.77861111,-98.54083333
2012,988.4,16.64416667,-93.15722222
2012,989.41,19.42305556,-96.38805556
2012,990.6,20.90638889,-103.9797222
2012,990.71,19.15,-102.225
2012,990.92,19.945,-103.7580556
2012,991.48,18.59611111,-97.93
2012,993.71,21.77722222,-98.44388889
2012,994,21.61722222,-98.65277778
2012,995.3,16.57305556,-93.36694444
2012,995.5,19.26194444,-103.6133333
2012,995.8,18.77861111,-99.32361111
2012,997,16.47527778,-95.28138889
2012,997.71,19.3475,-100.1519444
2012,998.9,24.36472222,-105.5175
2012,999.5,18.88,-99.15333333
2012,1001.3,18.69166667,-98.82472222
2012,1003.31,18.74888889,-98.16916667
2012,1005.67,16.44916667,-95.02416667
2012,1005.71,18.52916667,-99.07
2012,1005.9,18.85805556,-98.595
2012,1007.25,18.75027778,-99.62222222
2012,1008.5,18.59222222,-89.41722222
2012,1009.07,16.75083333,-93.37388889
2012,1009.6,20.00361111,-89.7475
2012,1009.62,18.34972222,-99.55
2012,1011.34,18.94722222,-98.82916667
2012,1011.55,19.11916667,-99.55194444
2012,1011.6,16.8225,-99.47833333
2012,1012.29,16.49666667,-94.43805556
2012,1012.52,16.70944444,-99.1225
2012,1012.55,20.72027778,-103.3919444
2012,1012.96,22.32194444,-98.87
2012,1014.89,18.81333333,-98.75
2012,1015.66,19.405,-99.56305556
2012,1015.8,16.94777778,-96.78222222
2012,1017.01,18.82611111,-99.82
2012,1020.3,21.39,-88.1475
2012,1020.48,15.3325,-92.2675
2012,1021.21,19.69444444,-88.37638889
2012,1021.8,22.58361111,-99.43666667
2012,1021.89,21.37666667,-104.6183333
2012,1022.03,18.93055556,-99.93388889
2012,1022.11,19.05333333,-99.87888889
2012,1023.94,19.89916667,-101.5047222
2012,1024.09,17.88333333,-95.14583333
2012,1027.09,20.70027778,-103.9761111
2012,1027.2,19.18388889,-104.1255556
2012,1029.2,16.18416667,-92.2875
2012,1030.21,16.43,-93.44388889
2012,1030.65,16.30888889,-92.48611111
2012,1030.85,20.67027778,-103.2858333
2012,1031.1,19.60194444,-90.28166667
2012,1031.19,23.7,-98.2
2012,1031.3,22.84611111,-98.72944444
2012,1031.7,19.85611111,-89.29777778
2012,1031.85,22.52833333,-99.21388889
2012,1032.21,21.83222222,-98.50388889
2012,1033.48,19.78166667,-99.4725
2012,1033.8,19.99333333,-105.13
2012,1033.93,19.20777778,-98.75833333
2012,1034.66,17.71,-97.08305556
2012,1034.94,16.65583333,-98.50055556
2012,1035.24,18.24527778,-99.66194444
2012,1035.81,18.15861111,-100.3880556
2012,1039.46,21.76,-99.27
2012,1039.5,21.81416667,-98.01416667
2012,1039.9,16.76166667,-92.92277778
2012,1040.81,18.35861111,-100.6644444
2012,1041.25,17.125,-96.41666667
2012,1041.69,19.37777778,-99.49583333
2012,1042.08,18.68,-99.46361111
2012,1042.7,19.32888889,-103.7305556
2012,1046.91,21.02194444,-101.2533333
2012,1047.5,19.62027778,-101.1341667
2012,1047.5,22.23861111,-97.87888889
2012,1048.5,20.75083333,-89.83
2012,1049.3,20.88666667,-98.20111111
2012,1050,19.45916667,-89.73805556
2012,1052.4,22.24694444,-99.12083333
2012,1053.9,21.68166667,-97.69388889
2012,1055.7,21.87,-98.68333333
2012,1056.12,19.55805556,-99.41388889
2012,1056.22,19.35277778,-96.56388889
2012,1057.5,21.23944444,-98.00333333
2012,1059.4,20.81111111,-89.44666667
2012,1059.66,19.38416667,-100.8247222
2012,1060.1,18.12611111,-89.14361111
2012,1060.1,19.43305556,-96.69777778
2012,1062.45,19.02416667,-98.21555556
2012,1063.14,20.17666667,-98.64527778
2012,1063.5,18.98694444,-98.91972222
2012,1064.9,20.19722222,-90.12222222
2012,1066.22,19.33722222,-96.49166667
2012,1066.6,16.80277778,-93.75527778
2012,1069.1,19.93888889,-101.3833333
2012,1069.5,16.73305556,-98.59805556
2012,1072.52,20.36055556,-89.47638889
2012,1073,19.41111111,-99.69944444
2012,1073.37,19.53888889,-99.39694444
2012,1074.02,21.68916667,-98.60916667
2012,1074.1,18.00472222,-99.27916667
2012,1075.02,16.15416667,-91.86805556
2012,1077.58,19.13222222,-98.07777778
2012,1077.61,22.49888889,-98.825
2012,1077.8,20.76444444,-87.86472222
2012,1078.11,18.92222222,-99.03055556
2012,1079.7,17.83305556,-96.86666667
2012,1080,22.21027778,-98.39055556
2012,1080.62,19.45777778,-98.42222222
2012,1082.21,19.80222222,-88.75444444
2012,1082.23,17.08305556,-96.70972222
2012,1082.3,22.81833333,-105.305
2012,1085.7,19.67305556,-90.47361111
2012,1086.8,17.75666667,-91.2925
2012,1086.87,21.51888889,-98.41027778
2012,1088.5,19.34638889,-98.58138889
2012,1089.01,18.81583333,-99.55944444
2012,1091.01,18.21638889,-91.80138889
2012,1093.85,19.6875,-103.2577778
2012,1093.95,17.33305556,-96.48305556
2012,1094.69,19.95611111,-88.94833333
2012,1096,18.91194444,-98.75305556
2012,1097.81,21.07888889,-89.28361111
2012,1100,18.04527778,-93.96666667
2012,1100.58,21.30944444,-104.9066667
2012,1101.06,17.43305556,-96.54972222
2012,1101.2,19.23777778,-98.15916667
2012,1101.88,22.53333333,-99.33333333
2012,1102.3,20.59166667,-103.8583333
2012,1102.91,19.05138889,-99.53194444
2012,1105.43,20.38055556,-104.8222222
2012,1105.81,22.00638889,-99.05444444
2012,1106.46,18.86027778,-99.32638889
2012,1107.06,18.92194444,-98.55138889
2012,1109.1,16.36722222,-92.36916667
2012,1110.86,20.24416667,-89.32472222
2012,1112.5,16.78916667,-92.82833333
2012,1112.8,16.63888889,-99.09166667
2012,1113.01,18.99083333,-99.42083333
2012,1113.9,18.50833333,-89.395
2012,1114.61,19.0475,-100.1766667
2012,1117.5,17.31666667,-100.3980556
2012,1118.8,20.32138889,-90.05888889
2012,1122.8,17.25,-99.58361111
2012,1124,20.48861111,-87.7375
2012,1124.01,19.29861111,-99.36861111
2012,1124.54,16.55194444,-95.08444444
2012,1124.77,20.64833333,-103.7011111
2012,1127.02,20.54083333,-97.47277778
2012,1127.4,19.975,-101.7594444
2012,1129,19.00833333,-88.83333333
2012,1130.51,18.8675,-99.42916667
2012,1135.36,22.07694444,-98.81194444
2012,1138.8,16.76305556,-99.74888889
2012,1139,19.2225,-104.4905556
2012,1140,21.56083333,-98.81916667
2012,1141.6,20.99083333,-87.78388889
2012,1143.5,17.80416667,-92.48333333
2012,1148.12,18.94833333,-99.33138889
2012,1148.57,20.63444444,-87.07777778
2012,1149,17.93833333,-91.81
2012,1150.38,17.01666667,-96.09972222
2012,1150.6,19.845,-90.27
2012,1151,18.78111111,-100.4363889
2012,1151.04,19.40833333,-96.51638889
2012,1153,17.98777778,-92.825
2012,1153.45,21.83583333,-98.81666667
2012,1153.62,20.50055556,-104.7736111
2012,1154.53,16.65972222,-92.2625
2012,1155.69,19.05,-98.16666667
2012,1156.35,19.09305556,-98.05944444
2012,1156.9,21.35388889,-97.68166667
2012,1158.11,19.63305556,-88.6875
2012,1158.55,19.21944444,-98.24305556
2012,1159.2,16.49361111,-93.63222222
2012,1159.62,18.65472222,-91.76166667
2012,1162.16,18.95555556,-98.27527778
2012,1164.1,18.22222222,-100.7566667
2012,1166.97,21.84166667,-98.925
2012,1167.5,18.13416667,-99.92583333
2012,1167.5,18.65222222,-99.57333333
2012,1168.16,19.36305556,-96.65833333
2012,1169.97,19.02222222,-96.61388889
2012,1171.53,20.21722222,-98.73055556
2012,1172.59,17.97944444,-98.38472222
2012,1172.83,19.2375,-104.5619444
2012,1174.5,20.74138889,-89.31555556
2012,1175.26,16.71416667,-92.62888889
2012,1177.12,20.42666667,-89.75555556
2012,1178.15,22.82777778,-99.05138889
2012,1183,18.31333333,-101.735
2012,1185.7,19.61055556,-100.6691667
2012,1185.81,18.61,-99.42444444
2012,1187.53,18.91694444,-99.68472222
2012,1187.7,21.13361111,-98.53944444
2012,1189.21,19.65666667,-99.01722222
2012,1190.27,21.905,-105.4761111
2012,1190.7,16.68361111,-98.40222222
2012,1191.3,22.12222222,-105.2038889
2012,1191.51,25.0625,-106.5305556
2012,1191.67,21.79777778,-105.3041667
2012,1193.3,16.73333333,-92.63333333
2012,1193.78,22.57166667,-99.02138889
2012,1193.9,19.58833333,-96.78416667
2012,1194,18.97277778,-91.17583333
2012,1194.76,20.52527778,-104.7863889
2012,1195.6,19.07166667,-100.8283333
2012,1197.1,21.23666667,-87.93694444
2012,1197.61,17.80083333,-101.6666667
2012,1200.04,19.06861111,-98.31805556
2012,1204,19.18888889,-88.52388889
2012,1207.1,20.29111111,-89.39472222
2012,1207.2,16.16305556,-93.07638889
2012,1208.69,18.58305556,-98.71444444
2012,1209.34,19.51472222,-99.72861111
2012,1209.4,20.37388889,-90.05222222
2012,1210.7,18.38416667,-92.6
2012,1212.5,18.45944444,-99.40083333
2012,1212.9,19.13472222,-99.93
2012,1213,19.35972222,-104.0925
2012,1213.6,18.60444444,-90.74111111
2012,1215.1,17.25388889,-100.3169444
2012,1215.9,21.37472222,-104.7916667
2012,1220.39,21.00805556,-88.28277778
2012,1220.4,18.69166667,-100.4302778
2012,1222.25,20.08416667,-99.90694444
2012,1222.6,20.51,-86.94611111
2012,1223,19.42388889,-100.9072222
2012,1225.5,18.00861111,-88.82305556
2012,1225.8,22.8525,-99.49277778
2012,1229.02,19.78611111,-97.55277778
2012,1229.8,20.13694444,-90.17472222
2012,1231.51,19.7375,-102.0791667
2012,1231.8,22.37222222,-99.2875
2012,1232.9,18.67111111,-99.5
2012,1234.4,18.01666667,-101.1372222
2012,1234.58,15.96666667,-96.06666667
2012,1235.44,22.50083333,-98.91722222
2012,1237.11,16.28888889,-92.42833333
2012,1238,22.99194444,-105.8613889
2012,1239.2,20.64055556,-98.65527778
2012,1239.57,16.98638889,-92.89138889
2012,1239.66,21.27583333,-97.56
2012,1240.2,19.38833333,-104.0469444
2012,1241.64,21.66111111,-97.85055556
2012,1242.75,18.27777778,-103.2233333
2012,1244.09,22.82861111,-99.02083333
2012,1244.91,18.80694444,-99.77916667
2012,1246.02,22.77222222,-99.27916667
2012,1246.05,18.92861111,-99.72861111
2012,1247.8,19.82222222,-101.9291667
2012,1247.86,18.61666667,-98.94361111
2012,1248.5,22.18333333,-98.56111111
2012,1249.51,20.74833333,-97.865
2012,1250.87,18.91861111,-99.23416667
2012,1251.19,19.00777778,-100.0430556
2012,1251.2,21.06833333,-97.545
2012,1252.22,21.20805556,-88.8
2012,1253.18,22.85222222,-99.12
2012,1253.38,24.20638889,-99.02111111
2012,1255.7,18.39083333,-92.88333333
2012,1256,18.98833333,-99.64944444
2012,1256.42,17.82861111,-100.3875
2012,1257.8,17.61666667,-91.55
2012,1258.5,17.98333333,-101.8838889
2012,1263.5,19.90111111,-88.81194444
2012,1263.7,18.87805556,-98.77527778
2012,1264.8,21.98222222,-98.93194444
2012,1269.4,18.55083333,-99.41888889
2012,1270.1,19.96138889,-90.22777778
2012,1270.66,19.88611111,-101.3361111
2012,1270.78,22.49,-105.3541667
2012,1271,19.46527778,-96.46388889
2012,1271.53,16.48305556,-94.36777778
2012,1277.52,15.9025,-92.48277778
2012,1279,19.67916667,-100.7416667
2012,1279.2,20.23694444,-90.10305556
2012,1281.95,21.41388889,-98.48333333
2012,1282.9,22.63527778,-98.91638889
2012,1283.67,19.15583333,-99.90722222
2012,1287.88,19.36472222,-96.37444444
2012,1288.01,19.61472222,-90.21666667
2012,1292.8,19.11861111,-99.78138889
2012,1293.23,19.52944444,-99.46416667
2012,1293.91,20.03222222,-88.54194444
2012,1295.9,18.78222222,-91.49444444
2012,1296.68,19.29166667,-104.5583333
2012,1299.41,19.01666667,-90.31666667
2012,1301.9,19.5825,-100.9238889
2012,1304,18.52805556,-97.14472222
2012,1305.14,21.17083333,-98.27916667
2012,1307.44,19.0125,-98.19305556
2012,1308,19.57555556,-88.045
2012,1309.7,17.8225,-101.0769444
2012,1310,22.355,-98.2675
2012,1310.5,21.81777778,-98.945
2012,1311,16.36944444,-93.47722222
2012,1315.46,20.22555556,-87.45805556
2012,1315.94,17.35,-96.15
2012,1316.71,21.48666667,-97.91333333
2012,1317.5,20.855,-87.87027778
2012,1320.3,22.52944444,-105.4525
2012,1320.9,18.60083333,-99.54305556
2012,1321.7,21.17333333,-101.2416667
2012,1323.69,20.07055556,-89.04388889
2012,1324.84,19.65194444,-96.87305556
2012,1326.01,20.44583333,-97.325
2012,1328.1,19.29444444,-90.57583333
2012,1328.5,17.72361111,-100.875
2012,1328.62,21.11638889,-97.41333333
2012,1329.6,18.75861111,-99.9925
2012,1330.8,19.14472222,-90.47944444
2012,1331.1,18.20444444,-99.1825
2012,1332.3,18.29333333,-88.64166667
2012,1333.5,16.76166667,-93.10277778
2012,1335.99,22.11805556,-99.16666667
2012,1338.75,18.885,-98.69027778
2012,1339.15,20.72861111,-105.2066667
2012,1340.48,18.57222222,-88.45944444
2012,1341.75,17.78972222,-99.97638889
2012,1342.59,21.15666667,-86.82027778
2012,1342.8,20.53361111,-98.47777778
2012,1343.22,18.93111111,-98.68972222
2012,1343.5,23.14083333,-99.115
2012,1345,19.33805556,-103.6072222
2012,1345,20.39055556,-88.47611111
2012,1347.8,17.96833333,-91.6
2012,1349.4,19.73777778,-88.9575
2012,1349.51,18.52472222,-91.08916667
2012,1352.94,16.45361111,-93.05555556
2012,1354.43,23.55416667,-105.4111111
2012,1357.07,19.26138889,-96.41
2012,1357.5,16.13916667,-96.44583333
2012,1357.64,19.41583333,-99.04555556
2012,1358.09,19.05083333,-90.40694444
2012,1359.6,18.41722222,-92.8
2012,1363.24,24.17444444,-105.9666667
2012,1367.9,20.46722222,-89.07944444
2012,1368.3,20.69138889,-88.58277778
2012,1369.51,17.97638889,-102.1080556
2012,1374.4,16.70055556,-99.51027778
2012,1374.42,19.05833333,-99.27416667
2012,1376.34,19.86,-97.58555556
2012,1384.2,19.73888889,-88.70972222
2012,1385,18.7525,-99.85194444
2012,1388.25,25.1,-106.5666667
2012,1389.02,19.16194444,-88.10361111
2012,1389.14,19.115,-98.17527778
2012,1389.7,18.77805556,-90.9225
2012,1392.12,17.44055556,-100.8791667
2012,1396.67,16.61472222,-98.97083333
2012,1398.12,17.11666667,-93.33055556
2012,1399,18.50166667,-88.29805556
2012,1400.4,17.93666667,-91.17722222
2012,1401.4,18.18444444,-91.04611111
2012,1403.28,21.73472222,-98.95
2012,1404.74,19.60472222,-96.88444444
2012,1405.51,18.70361111,-88.25777778
2012,1406.3,18.01722222,-89.27
2012,1411.2,22.54305556,-98.15138889
2012,1414.43,20.14,-97.20111111
2012,1415.8,15.68444444,-92.00694444
2012,1417.37,21.905,-99.24861111
2012,1417.5,19.65055556,-100.955
2012,1419.56,19.82833333,-97.30388889
2012,1423,18.60055556,-88.80972222
2012,1426,21.785,-98.91777778
2012,1427.15,21.22027778,-98.67444444
2012,1432.2,18.10833333,-93.345
2012,1432.5,17.82,-92.37333333
2012,1433,18.03361111,-102.1958333
2012,1433.24,20.47916667,-97.00972222
2012,1434.9,18.39555556,-93.21222222
2012,1434.9,19.62222222,-100.6855556
2012,1438.6,18.98333333,-99.23333333
2012,1438.7,18.16583333,-93.01805556
2012,1439.2,18.29666667,-90.69694444
2012,1440.5,18.63833333,-90.29833333
2012,1441.89,20.79416667,-98.73444444
2012,1442.5,19.19833333,-99.64833333
2012,1442.6,21.80583333,-98.99166667
2012,1449.54,20.62083333,-104.5680556
2012,1452.5,16.70888889,-93.4025
2012,1453.97,19.69583333,-96.84388889
2012,1461.52,16.79694444,-92.69666667
2012,1461.54,16.22888889,-93.2625
2012,1465.5,16.67777778,-92.48916667
2012,1466.54,21.01861111,-88.18194444
2012,1469.2,18.17472222,-93.48888889
2012,1474.92,15.70861111,-92.20861111
2012,1475.11,19.55916667,-99.6
2012,1476.76,22.43,-99.30666667
2012,1479.2,19.02194444,-88.11083333
2012,1479.96,19.60472222,-96.9
2012,1480.5,19.37666667,-103.7088889
2012,1485,18.92027778,-97.2525
2012,1487.6,23.02277778,-99.09444444
2012,1491.1,18.64777778,-99.64861111
2012,1491.71,16.52805556,-92.43777778
2012,1495.66,22.37777778,-105.2541667
2012,1496.71,18.81305556,-88.57277778
2012,1497.2,18.14444444,-95.29583333
2012,1504.28,19.51194444,-96.90388889
2012,1505.7,18.24722222,-93.22
2012,1507.74,20.10083333,-89.4625
2012,1508.54,16.28305556,-97.83305556
2012,1509.23,20.19333333,-88.36611111
2012,1516.16,21.29805556,-98.35638889
2012,1516.6,22.03416667,-104.8619444
2012,1526.88,19.81527778,-97.36
2012,1526.98,21.83944444,-105.1211111
2012,1528.4,14.90805556,-92.26055556
2012,1529.37,17.99305556,-95.40277778
2012,1530,16.24166667,-93.90833333
2012,1530,17.63777778,-91.27472222
2012,1535.14,21.8525,-99.37972222
2012,1540,16.41972222,-92.76777778
2012,1543.8,16.57944444,-98.80472222
2012,1550.9,18.11055556,-93.56555556
2012,1553.03,20.51027778,-97.66805556
2012,1553.3,18.63166667,-91.05027778
2012,1554.5,18.23166667,-88.66555556
2012,1555.5,18.00888889,-92.87722222
2012,1557,17.7225,-101.2111111
2012,1559.7,21.37277778,-98.65527778
2012,1562.1,19.59611111,-96.38361111
2012,1562.5,16.38805556,-91.8625
2012,1567.21,18.50055556,-88.3275
2012,1569.96,20.95972222,-97.41888889
2012,1572.25,19.09444444,-96.33888889
2012,1581.4,21.09638889,-100.1627778
2012,1588.7,16.05888889,-93.36888889
2012,1590.45,18.50305556,-88.48138889
2012,1592.45,19.44694444,-96.78361111
2012,1595.65,21.725,-105.0333333
2012,1597,20.31972222,-105.3261111
2012,1597.5,16.93888889,-93.82083333
2012,1598.8,21.80333333,-105.1155556
2012,1603.7,21.66666667,-98.97333333
2012,1607,17.14472222,-92.29027778
2012,1610.81,15.69361111,-92.16111111
2012,1611.1,19.57833333,-89.60055556
2012,1611.11,16.57277778,-93.59333333
2012,1612.11,21.09583333,-87.48555556
2012,1615.91,15.45722222,-92.28111111
2012,1616.3,15.87083333,-92.95361111
2012,1618.81,19.26361111,-97.14805556
2012,1629.37,21.31805556,-105.0130556
2012,1631.13,21.95833333,-105.1425
2012,1632.57,19.5125,-90.41083333
2012,1635.49,19.45055556,-104.3591667
2012,1635.9,18.09194444,-92.13888889
2012,1640.5,17.99666667,-92.92833333
2012,1641.28,20.17722222,-98.06111111
2012,1642.5,18.22972222,-95.44527778
2012,1642.7,17.02222222,-92.30722222
2012,1642.7,20.15944444,-98.55666667
2012,1661.31,16.88694444,-92.71555556
2012,1664.44,21.04083333,-98.15305556
2012,1667.18,20.88972222,-105.1366667
2012,1669.81,18.3875,-88.9125
2012,1672.03,19.03916667,-99.09388889
2012,1675.78,19.55,-96.85
2012,1681.9,21.32916667,-97.8775
2012,1683.7,20.14,-99.6025
2012,1688.7,21.66666667,-98.88444444
2012,1690,18.51888889,-88.30083333
2012,1694.25,21.39166667,-98.875
2012,1696,21.50416667,-98.56472222
2012,1696.54,19.7625,-97.23472222
2012,1697.24,16.73916667,-92.03777778
2012,1705.3,18.92888889,-97.23277778
2012,1718.5,16.16666667,-96.5
2012,1721.8,17.14,-92.71416667
2012,1732.9,21.18444444,-97.81444444
2012,1741.24,20.88722222,-97.80972222
2012,1746.41,20.11944444,-98.10083333
2012,1748.7,17.96722222,-93.50111111
2012,1749,17.91805556,-101.3502778
2012,1750.63,18.27055556,-95.55694444
2012,1753.4,18.04333333,-91.6575
2012,1763.96,17.08527778,-99.09444444
2012,1770.17,19.54,-96.91666667
2012,1771.7,17.98333333,-92.93333333
2012,1772.96,21.24111111,-98.75888889
2012,1778,18.00138889,-93.61916667
2012,1781.28,19.78888889,-97.24583333
2012,1781.91,18.30416667,-95.84194444
2012,1789,17.21416667,-93.58166667
2012,1791.58,20.88222222,-87.54638889
2012,1794.6,20.86333333,-87.04805556
2012,1806.5,18.06722222,-93.17555556
2012,1807.1,18.25305556,-92.09194444
2012,1807.22,18.1375,-94.77083333
2012,1813.5,17.85444444,-92.93
2012,1815.7,17.85416667,-93.87916667
2012,1817.83,22.43333333,-105.1708333
2012,1827.3,22.49333333,-99.42888889
2012,1827.52,16.665,-93.80083333
2012,1828.9,17.75666667,-92.605
2012,1834.15,19.0675,-100.0783333
2012,1836.11,20.92944444,-97.67944444
2012,1844.72,20.25777778,-97.41861111
2012,1847.08,21.225,-98.89166667
2012,1858.59,20.58027778,-97.84694444
2012,1858.8,17.9975,-93.27861111
2012,1862.1,21.70166667,-99.04166667
2012,1865.8,15.9,-92.93333333
2012,1866.6,21.62777778,-99.01583333
2012,1867.49,18.29805556,-99.11972222
2012,1868.06,19.50833333,-96.94944444
2012,1869.94,17.08166667,-92.85111111
2012,1870.45,18.96666667,-96.205
2012,1873.8,18.77083333,-95.75555556
2012,1882.03,18.075,-95.7
2012,1895.83,20.59638889,-105.22
2012,1897,18.00111111,-93.37638889
2012,1916,20.37416667,-98.04055556
2012,1920.66,19.59027778,-96.94611111
2012,1922.75,18.97888889,-88.21333333
2012,1934.7,19.61083333,-97.02722222
2012,1935.5,17.85,-93.38333333
2012,1936,24.26888889,-106.5197222
2012,1936.97,20.4275,-97.78666667
2012,1938.1,23.02861111,-99.14583333
2012,1939.62,20.17861111,-98.06611111
2012,1951,17.97388889,-93.76833333
2012,1954.15,20.31,-105.0497222
2012,1955.81,16.90944444,-91.73027778
2012,1966.3,15.75166667,-92.27361111
2012,1974.8,21.47166667,-98.97166667
2012,1979.14,18.33,-97.01416667
2012,1980.31,19.88583333,-99.555
2012,1995.01,20.3425,-98.21722222
2012,2027.5,16.75888889,-98.43833333
2012,2038.53,21.32666667,-98.83888889
2012,2043.35,18.25,-95.35972222
2012,2056.08,19.0375,-96.13472222
2012,2056.45,20.05194444,-96.97277778
2012,2062.48,15.87083333,-92.72388889
2012,2067.26,19.51222222,-97.11805556
2012,2067.28,18.43888889,-95.17777778
2012,2070.17,20.40444444,-97.84472222
2012,2072,17.58472222,-101.0061111
2012,2074.1,16.78638889,-92.34277778
2012,2089.87,17.42916667,-95.01944444
2012,2090.6,18.17305556,-93.62333333
2012,2094.8,17.24861111,-93.01333333
2012,2107.61,18.64638889,-95.53194444
2012,2115.6,17.575,-95.18055556
2012,2134.7,15.69777778,-93.21138889
2012,2145.62,16.57194444,-97.66666667
2012,2151.4,17.72833333,-92.01555556
2012,2162.7,21.6125,-99.11666667
2012,2163.9,17.44944444,-91.49305556
2012,2171.05,17.41666667,-94.91388889
2012,2185.8,17.55694444,-99.6875
2012,2185.8,18.2225,-99.2075
2012,2186.78,19.06722222,-96.15833333
2012,2187,20.00083333,-97.79416667
2012,2202.89,21.38555556,-98.99055556
2012,2203.63,18.1875,-96.09444444
2012,2213.69,17.45,-95.38305556
2012,2213.7,22.7425,-98.97222222
2012,2222.8,17.50861111,-93.12
2012,2223,18.02138889,-93.49888889
2012,2226.2,17.52,-92.92666667
2012,2226.54,19.14666667,-96.95
2012,2232,15.875,-93.54583333
2012,2235.5,18.11111111,-93.49666667
2012,2239.67,19.45555556,-96.94444444
2012,2244.2,17.72333333,-92.81166667
2012,2279,16.95,-98.65555556
2012,2283.51,20.07916667,-97.06388889
2012,2286.82,18,-96.70972222
2012,2300.16,15.50055556,-92.94305556
2012,2311,19.05,-96.98611111
2012,2344.85,18.25833333,-95.94166667
2012,2346.5,19.81111111,-96.91666667
2012,2348.76,18.14972222,-96.08305556
2012,2368.71,19.2125,-96.96388889
2012,2433.16,18.46666667,-95.43611111
2012,2433.5,17.57194444,-94.16333333
2012,2438.53,18.125,-94.35555556
2012,2463.5,20.46222222,-98.07472222
2012,2486,19.01,-98.96
2012,2494,17.19194444,-98.40777778
2012,2524.03,16.58083333,-90.70222222
2012,2541,17.87361111,-94.08888889
2012,2549.47,18.09861111,-101.7030556
2012,2570.7,16.27861111,-93.41861111
2012,2596.31,18.25,-96.4
2012,2602.68,17.43444444,-95.49388889
2012,2616.4,18.06555556,-93.62472222
2012,2654.9,19.98722222,-97.29833333
2012,2661.31,15.2025,-92.55805556
2012,2683.54,20.1,-97.41027778
2012,2694.25,18.59722222,-95.44722222
2012,2727.61,17.83055556,-95.81111111
2012,2757.3,19.09,-98.53166667
2012,2765.7,17.38055556,-92.75
2012,2769.27,16.38138889,-91.71055556
2012,2782.74,18.43055556,-97.025
2012,2789.3,17.19138889,-98.54972222
2012,2895.5,15.45166667,-92.87611111
2012,2911.93,17.68305556,-95.89055556
2012,2932.9,17.47333333,-91.70777778
2012,2960.5,17.50916667,-91.98222222
2012,2968.23,20.27694444,-97.96027778
2012,2970.6,17.25,-96.10666667
2012,2990,17.8,-93.16
2012,2992.51,22.86333333,-105.1183333
2012,2994.9,15.33083333,-92.65583333
2012,2999.4,17.52722222,-92.93055556
2012,3026.43,17.55833333,-92.33333333
2012,3028,17.56666667,-91.98333333
2012,3051,17.61333333,-92.79833333
2012,3100.72,19.92916667,-96.85555556
2012,3104.5,17.54888889,-92.95333333
2012,3119.5,17.40083333,-93.45
2012,3180.4,18.405,-96.83583333
2012,3188.56,17.15972222,-95.91222222
2012,3211.5,18.17166667,-93.045
2012,3404.15,15.14138889,-92.48638889
2012,3411.8,17.49611111,-97.14222222
2012,3478,18.2475,-100.5383333
2012,3500.79,17.55833333,-93.10833333
2012,3550.34,15.365,-92.73111111
2012,3557.15,14.91972222,-92.25694444
2012,3617.9,18.4375,-95.02555556
2012,3623.6,17.51333333,-92.92
2012,3723.6,15.0625,-92.08055556
2012,3801.12,17.41666667,-93.38333333
2012,3853.11,17.86666667,-96.2
2012,3957.4,17.43166667,-95.83027778
2012,4018.43,18.08305556,-96.13305556
2012,4075.1,17.42833333,-93.02861111
2012,4108.05,18.01666667,-96.28305556
2012,4167.12,15.34666667,-92.47611111
2012,4262.62,17.78305556,-96.31666667
2012,4274,17.88305556,-96.53305556
2012,4359.72,20.03888889,-97.52222222
2012,4407.19,18.50416667,-95.03555556
2012,4560.81,15.17388889,-92.32527778
2012,4578.91,18.25,-96.81666667
2012,5398.7,18.14972222,-96.71777778
2012,6545.5,22.50333333,-98.61722222
