year,temperaturamnimaextrema_ACUM,latitud,longitud
2012,-7.5,26.12861111,-106.3333333
2012,-7,23.82166667,-104.9261111
2012,-5.2,24.98888889,-105.8916667
2012,-3.9,29.25194444,-108.0927778
2012,-3.6,19.13361111,-97.6625
2012,-3.6,24.36472222,-105.5175
2012,-3.5,19.4925,-98.53527778
2012,-3.3,29.19,-108.1413889
2012,-2.9,19.58083333,-97.24777778
2012,-2.8,19.70444444,-99.70305556
2012,-2.8,23.69027778,-105.3527778
2012,-2.8,23.83444444,-105.0416667
2012,-2.5,19.85416667,-98.30833333
2012,-2.3,24.70027778,-99.85527778
2012,-2.2,23.38777778,-104.2472222
2012,-2.2,24.71,-100.3033333
2012,-2,19.91722222,-99.68
2012,-1.9,28.80277778,-106.4847222
2012,-1.8,19.37027778,-97.35583333
2012,-1.8,23.50444444,-104.8244444
2012,-1.8,23.55416667,-105.4111111
2012,-1.8,24.05361111,-105.0086111
2012,-1.7,19.02333333,-97.56694444
2012,-1.5,19.61027778,-98.64166667
2012,-1.4,26.47416667,-106.3883333
2012,-1.4,26.47555556,-106.3875
2012,-1.3,18.83694444,-97.54722222
2012,-1.3,25.08472222,-100.3333333
2012,-1.2,19.1125,-97.95611111
2012,-1.2,19.71305556,-99.62861111
2012,-1.1,24.97694444,-104.7688889
2012,-1,19.08527778,-97.54138889
2012,-1,19.34083333,-99.79833333
2012,-0.9,19.29861111,-99.36861111
2012,-0.9,19.39916667,-99.90833333
2012,-0.8,19.46222222,-99.77555556
2012,-0.7,19.31805556,-97.64722222
2012,-0.7,28.75972222,-107.6975
2012,-0.6,19.87277778,-98.71805556
2012,-0.5,19.39138889,-99.52527778
2012,-0.5,19.42805556,-97.79888889
2012,-0.5,19.855,-99.96777778
2012,-0.5,22.67305556,-102.0408333
2012,-0.5,32.00361111,-115.9483333
2012,-0.4,16.79694444,-92.69666667
2012,-0.4,19.55555556,-98.20277778
2012,-0.4,25.93305556,-105.9516667
2012,-0.3,18.60388889,-97.2725
2012,-0.3,19.41194444,-97.39388889
2012,-0.3,20.05444444,-99.69027778
2012,-0.3,20.15944444,-98.55666667
2012,-0.3,25.56722222,-104.2916667
2012,-0.2,20.04055556,-98.17388889
2012,-0.2,25.95333333,-105.3666667
2012,-0.1,17.57333333,-97.5225
2012,-0.1,22.4875,-102.46
2012,-0.1,22.62777778,-103.8975
2012,-0.1,24.56666667,-100.2383333
2012,0,19.38527778,-97.28916667
2012,0,19.50472222,-99.90666667
2012,0,23.09194444,-103.6711111
2012,0,28.50138889,-107.47
2012,0.1,16.67777778,-92.48916667
2012,0.1,19.51972222,-98.26916667
2012,0.1,19.62277778,-97.81416667
2012,0.1,19.6975,-97.5475
2012,0.1,20.37472222,-99.80888889
2012,0.1,25.36694444 ,-100.6205556 
2012,0.2,19.7375,-102.0791667
2012,0.2,19.78027778,-99.68638889
2012,0.2,19.825,-99.79083333
2012,0.2,22.64972222,-103.6997222
2012,0.3,19.34638889,-97.45611111
2012,0.3,23.28555556,-101.2108333
2012,0.3,23.49777778,-102.1336111
2012,0.3,24.44388889,-105.785
2012,0.3,25.20805556 ,-100.8297222 
2012,0.4,19.2925,-99.92222222
2012,0.4,20.15472222,-98.27388889
2012,0.4,26.08416667,-105.5658333
2012,0.5,19.29111111,-99.71416667
2012,0.5,19.48611111,-97.26416667
2012,0.5,19.61472222,-97.50111111
2012,0.5,19.71111111,-99.78888889
2012,0.5,19.75305556,-99.64
2012,0.5,19.875,-99.735
2012,0.5,21.64305556,-101.4788889
2012,0.5,22.84472222,-103.3825
2012,0.5,28.77166667,-107.2555556
2012,0.6,19.17194444,-99.80611111
2012,0.6,19.47611111,-99.71444444
2012,0.6,20.05083333,-100.1494444
2012,0.6,22.91166667,-103.2780556
2012,0.7,19.52444444,-99.74138889
2012,0.7,19.61638889,-99.66833333
2012,0.7,19.66916667,-99.83083333
2012,0.7,22.68611111,-103.6025
2012,0.8,19.405,-99.56305556
2012,0.8,19.47194444,-98.34527778
2012,0.8,19.51472222,-99.72861111
2012,0.8,19.83944444,-98.03277778
2012,0.8,19.95388889,-98.32583333
2012,0.8,21.07972222,-101.6066667
2012,0.8,22.94083333,-102.4875
2012,0.8,25.12916667,-106.3625
2012,0.9,19.15583333,-99.90722222
2012,0.9,19.88583333,-99.555
2012,1,19.29888889,-97.76972222
2012,1,19.41555556,-98.14
2012,1,22.80694444,-99.84166667
2012,1,31.22833333,-110.5933333
2012,1.1,20.03861111,-99.86444444
2012,1.1,22.1775,-102.5861111
2012,1.2,19.19972222,-97.9075
2012,1.2,19.32666667,-98.36611111
2012,1.2,19.51222222,-97.11805556
2012,1.2,19.59694444,-98.63194444
2012,1.2,19.67916667,-100.7416667
2012,1.2,19.90861111,-99.12638889
2012,1.2,20.04444444,-98.36833333
2012,1.2,20.12694444,-99.74055556
2012,1.2,20.44055556,-99.37416667
2012,1.2,22.30694444,-103.5616667
2012,1.2,23.33638889,-104.1675
2012,1.2,26.12694444,-105.0166667
2012,1.2,28.71527778,-107.2458333
2012,1.2,30.63194444,-109.97
2012,1.3,19.19833333,-99.64833333
2012,1.3,19.33888889,-99.68416667
2012,1.3,21.83527778,-102.1825
2012,1.3,25.02638889,-100.5486111
2012,1.4,19.26138889,-98.37055556
2012,1.4,19.26722222,-99.95027778
2012,1.4,19.58666667,-98.4275
2012,1.4,21.22,-100.4961111
2012,1.4,21.555,-101.4091667
2012,1.4,22.66861111,-101.1294444
2012,1.4,22.99694444,-102.6605556
2012,1.4,23.96444444,-104.735
2012,1.4,24.51777778,-99.97972222
2012,1.4,28.36666667,-108.9333333
2012,1.5,19.16194444,-98.40638889
2012,1.5,19.23444444,-99.80805556
2012,1.5,19.40083333,-99.945
2012,1.5,19.55611111,-99.9475
2012,1.5,19.58611111,-98.56388889
2012,1.5,19.5925,-98.12555556
2012,1.5,25.54416667,-100.5230556
2012,1.5,26.24777778,-104.9194444
2012,1.6,19.41111111,-99.69944444
2012,1.6,19.86166667,-99.9175
2012,1.7,18.885,-98.69027778
2012,1.7,19.55916667,-99.6
2012,1.7,19.75083333,-98.94944444
2012,1.7,19.98722222,-98.29722222
2012,1.7,20.13305556,-98.66916667
2012,1.7,20.17666667,-98.64527778
2012,1.7,22.92583333,-103.1127778
2012,1.7,24.09583333,-103.4886111
2012,1.8,18.85861111,-97.46305556
2012,1.8,18.92027778,-97.2525
2012,1.8,18.92888889,-97.23277778
2012,1.8,19.05833333,-99.27416667
2012,1.8,19.53888889,-99.39694444
2012,1.8,19.96,-97.96
2012,1.8,20.21944444,-98.57861111
2012,1.8,20.62083333,-104.5680556
2012,1.8,21.3225,-101.1066667
2012,1.8,23.47388889,-103.5813889
2012,1.8,24.46361111,-100.2480556
2012,1.8,29.91277778,-110.2133333
2012,1.8,27.9797222 ,-102.6944444 
2012,1.9,19.42916667,-99.05277778
2012,1.9,19.61083333,-97.02722222
2012,1.9,20.05611111,-98.33444444
2012,1.9,20.33722222,-98.36194444
2012,1.9,23.24888889,-103.8047222
2012,2,19.58111111,-99.27833333
2012,2,19.65666667,-99.01722222
2012,2,22.16638889,-101.9519444
2012,2,22.34722222,-102.7966667
2012,2,24.44111111,-100.3572222
2012,2.1,20.64055556,-98.65527778
2012,2.1,24.1725,-100.2872222
2012,2.1,24.57805556,-100.4469444
2012,2.1,24.64055556,-103.6983333
2012,2.1,28.77333333,-105.9636111
2012,2.2,19.20944444,-99.58861111
2012,2.2,19.78166667,-99.4725
2012,2.2,20.21722222,-98.73055556
2012,2.2,20.45638889,-98.91055556
2012,2.2,22.16444444,-102.5541667
2012,2.2,22.34722222,-101.7158333
2012,2.2,22.65722222,-102.4958333
2012,2.2,22.77194444,-103.9441667
2012,2.2,22.86333333,-105.1183333
2012,2.2,23.02944444,-101.75
2012,2.2,24.32277778,-99.91027778
2012,2.2,25.0625,-106.5305556
2012,2.3,18.88083333,-97.43527778
2012,2.3,19.37777778,-99.49583333
2012,2.3,19.77472222,-99.16694444
2012,2.3,20.66416667,-99.13666667
2012,2.3,21.20694444,-103.4588889
2012,2.3,21.97583333,-102.0619444
2012,2.3,22.15277778,-101.7069444
2012,2.4,15.45722222,-92.28111111
2012,2.4,19.38944444,-100.0758333
2012,2.4,19.63888889,-97.10972222
2012,2.4,20.14666667,-99.91472222
2012,2.4,20.28861111,-99.41111111
2012,2.4,23.69305556,-103.0936111
2012,2.4,23.90277778,-101.7191667
2012,2.4,24.21444444,-101.9222222
2012,2.4,24.53333333,-100.8833333
2012,2.4,30.05472222,-106.9069444
2012,2.4,24.96027778 ,-100.8605556 
2012,2.5,17.125,-96.41666667
2012,2.5,19.28583333,-99.52361111
2012,2.5,19.49,-97.49444444
2012,2.5,20.1,-99.82
2012,2.5,20.23666667,-98.32416667
2012,2.5,20.29944444,-98.86222222
2012,2.5,22.11777778,-101.3991667
2012,2.5,23.11444444,-101.5458333
2012,2.5,23.73555556,-103.3872222
2012,2.5,24.80833333,-105.1338889
2012,2.6,18.98388889,-97.44166667
2012,2.6,20.32083333,-99.23166667
2012,2.6,23.24138889,-102.5747222
2012,2.7,17.01666667,-96.09972222
2012,2.7,19.43361111,-103.95
2012,2.7,19.47222222,-98.99166667
2012,2.7,19.6725,-99.68333333
2012,2.7,20.38055556,-98.96444444
2012,2.7,21.26944444,-101.1355556
2012,2.7,22.3575,-103.21
2012,2.7,23.23166667,-103.6438889
2012,2.7,23.24222222,-101.2158333
2012,2.7,23.62388889,-103.9177778
2012,2.7,23.84333333,-101.96
2012,2.7,24.84333333,-100.3208333
2012,2.8,19.31583333,-97.91111111
2012,2.8,19.45611111,-100.0694444
2012,2.8,19.68416667,-99.12666667
2012,2.8,19.695,-99.30166667
2012,2.8,19.70722222,-98.44916667
2012,2.8,19.78888889,-97.24583333
2012,2.8,19.88888889,-102.205
2012,2.8,21.28472222,-102.4972222
2012,2.8,21.50277778,-102.6525
2012,2.8,21.885,-102.1091667
2012,2.8,22.01888889,-101.9991667
2012,2.8,22.18861111,-102.4641667
2012,2.8,22.33305556,-103.4933333
2012,2.8,22.54805556,-102.7908333
2012,2.8,23.28166667,-103.1088889
2012,2.8,23.44972222,-102.9597222
2012,2.8,23.61805556,-101.7230556
2012,2.8,24.14777778,-101.4836111
2012,2.8,24.17444444,-105.9666667
2012,2.8,28.42166667,-108.4216667
2012,2.8,30.07,-109.0886111
2012,2.8,25.11916667 ,-101.1111111 
2012,2.9,16.65972222,-92.2625
2012,2.9,19.71666667,-99.46666667
2012,2.9,21.17333333,-101.2416667
2012,2.9,21.87361111,-101.2677778
2012,2.9,22.60444444,-101.4386111
2012,2.9,24.31361111,-100.0319444
2012,2.9,24.71583333,-100.0158333
2012,2.9,25.77361111,-104.2877778
2012,2.9,30.33583333,-110.1675
2012,3,19.0475,-100.1766667
2012,3,19.05138889,-99.53194444
2012,3,19.42805556,-99.6125
2012,3,19.62222222,-100.6855556
2012,3,19.76916667,-100.1402778
2012,3,19.86472222,-98.35583333
2012,3,19.89722222,-103.7872222
2012,3,19.9075,-100.3191667
2012,3,19.94416667,-98.75388889
2012,3,20.08416667,-99.90694444
2012,3,20.22555556,-99.88916667
2012,3,21.78277778,-102.5175
2012,3,21.83666667,-102.7116667
2012,3,21.86611111,-101.5930556
2012,3,22.08305556,-102.0911111
2012,3,24.69638889,-100.4419444
2012,3,24.78166667,-102.175
2012,3,25.34611111,-100.28
2012,3.1,19.71944444,-100.0419444
2012,3.1,19.83666667,-99.38361111
2012,3.1,20.11833333,-98.88527778
2012,3.1,20.47555556,-99.74
2012,3.1,21.695,-101.0244444
2012,3.1,22.90861111,-102.6597222
2012,3.1,26.73861111,-105.16
2012,3.1,25.37638889 ,-101.0166667 
2012,3.2,17.46666667,-97.21666667
2012,3.2,19.13222222,-98.07777778
2012,3.2,19.24333333,-98.19083333
2012,3.2,19.59555556,-99.35472222
2012,3.2,19.79611111,-99.995
2012,3.2,20.06111111,-101.8888889
2012,3.2,20.19833333,-100.3633333
2012,3.2,20.22722222,-98.44861111
2012,3.2,21.22388889,-103.6058333
2012,3.2,22.09111111,-102.1813889
2012,3.2,22.43888889,-102.2516667
2012,3.2,23.57444444,-99.85666667
2012,3.2,23.63472222,-101.3938889
2012,3.2,24.31055556,-100.1894444
2012,3.2,24.36555556,-100.1136111
2012,3.2,25.18333333,-104.5625
2012,3.2,25.22055556,-105.4488889
2012,3.2,25.11611111 ,-102.6322222 
2012,3.3,19.05333333,-99.87888889
2012,3.3,19.7975,-99.87444444
2012,3.3,20.11972222,-99.54444444
2012,3.3,20.30944444,-99.7225
2012,3.3,21.79444444,-102.8016667
2012,3.3,21.89777778,-101.9925
2012,3.3,23.58,-103.2638889
2012,3.3,23.81694444,-103.0258333
2012,3.3,24.44333333,-103.1325
2012,3.3,27.57722222,-105.3713889
2012,3.4,18.99388889,-97.80555556
2012,3.4,19.44083333,-99.54527778
2012,3.4,19.50027778,-97.75805556
2012,3.4,19.61055556,-100.6691667
2012,3.4,19.78611111,-97.55277778
2012,3.4,19.945,-103.7580556
2012,3.4,20.85055556,-100.8472222
2012,3.4,22.14972222,-100.975
2012,3.4,22.28,-101.125
2012,3.4,24.00138889,-103.0194444
2012,3.5,17.49611111,-97.14222222
2012,3.5,19.29861111,-98.43388889
2012,3.5,19.4125,-99.20166667
2012,3.5,19.5075,-100.0977778
2012,3.5,19.81194444,-100.0813889
2012,3.5,21.56333333,-102.4394444
2012,3.5,22.52055556,-101.9172222
2012,3.5,24.28388889,-100.7841667
2012,3.5,24.53833333,-104.3330556
2012,3.5,24.56388889,-100.7727778
2012,3.5,25.35,-105.1
2012,3.5,26.23111111,-104.4983333
2012,3.5,29.26361111,-107.4572222
2012,3.6,19.23777778,-98.15916667
2012,3.6,19.26277778,-99.00361111
2012,3.6,19.30722222,-98.38277778
2012,3.6,19.3475,-100.1519444
2012,3.6,19.52944444,-99.46416667
2012,3.6,19.82833333,-97.30388889
2012,3.6,19.86,-97.58555556
2012,3.6,19.96472222,-98.51305556
2012,3.6,22.48638889,-101.7911111
2012,3.6,23.49194444,-104.3875
2012,3.6,23.57388889,-99.75305556
2012,3.7,17.41666667,-97.26666667
2012,3.7,19.38861111,-98.02138889
2012,3.7,19.45777778,-98.42222222
2012,3.7,19.50555556,-98.88194444
2012,3.7,19.52972222,-98.72666667
2012,3.7,19.96027778,-99.45722222
2012,3.7,20.53361111,-98.47777778
2012,3.7,21.8375,-102.5222222
2012,3.7,22.00083333,-102.1988889
2012,3.7,22.62361111,-103.4116667
2012,3.7,23.73777778,-103.9797222
2012,3.7,23.78333333,-102.1602778
2012,3.7,24.73666667,-103.5855556
2012,3.7,25.08944444,-104.5763889
2012,3.7,26.00444444,-105.5266667
2012,3.7,31.14833333,-109.5413889
2012,3.8,16.78638889,-92.34277778
2012,3.8,16.99722222,-96.4325
2012,3.8,19.34638889,-98.58138889
2012,3.8,19.80916667,-100.1294444
2012,3.8,19.89777778,-99.33666667
2012,3.8,20.0725,-98.65333333
2012,3.8,21.04083333,-100.6405556
2012,3.8,22.61694444,-102.7672222
2012,3.8,23.14805556,-101.3430556
2012,3.8,23.16444444,-101.8858333
2012,3.8,23.75583333,-100.7266667
2012,3.8,24.00166667,-103.9608333
2012,3.8,24.97388889,-100.2586111
2012,3.8,26.44055556,-105.5027778
2012,3.8,27.505,-108.735
2012,3.9,18.61666667,-98.94361111
2012,3.9,20.25194444,-104.5913889
2012,3.9,21.48277778,-101.2166667
2012,3.9,22.75666667,-101.6469444
2012,3.9,23.55555556,-103.5669444
2012,3.9,24.80694444,-104.9219444
2012,3.9,30.33055556,-110.7061111
2012,4,18.93055556,-99.93388889
2012,4,18.98277778,-97.35222222
2012,4,19.20777778,-98.75833333
2012,4,20.02083333,-99.88
2012,4,20.14,-99.6025
2012,4,20.17611111,-100.555
2012,4,21.35305556,-101.8472222
2012,4,21.63166667,-102.3911111
2012,4,24.26222222,-100.4180556
2012,4.1,19.10555556,-98.46361111
2012,4.1,20.15833333,-98.72861111
2012,4.1,21.475,-100.9191667
2012,4.1,21.66694444,-100.5727778
2012,4.1,21.74805556,-102.1702778
2012,4.1,22.12333333,-102.5111111
2012,4.1,22.26472222,-101.9855556
2012,4.1,22.39583333,-101.8313889
2012,4.1,22.54444444,-103.5663889
2012,4.1,24.32472222,-102.885
2012,4.1,24.44388889,-102.3736111
2012,4.1,24.98333333,-102.615
2012,4.1,30.59888889,-110.8958333
2012,4.1,26.64138889 ,-101.3583333 
2012,4.2,16.88694444,-92.71555556
2012,4.2,19.21944444,-98.24305556
2012,4.2,20.97472222,-100.5933333
2012,4.2,21.13916667,-100.3305556
2012,4.2,21.29916667,-100.5166667
2012,4.2,21.91444444,-102.4286111
2012,4.2,21.96222222,-102.3505556
2012,4.2,21.98638889,-102.35
2012,4.2,22.45305556,-102.3472222
2012,4.2,23.23611111,-100.9533333
2012,4.2,23.63472222,-103.6397222
2012,4.2,24.02861111,-104.3494444
2012,4.2,24.55277778,-103.9641667
2012,4.3,17.39222222,-97.19194444
2012,4.3,18.8975,-98.13222222
2012,4.3,19.62027778,-101.1341667
2012,4.3,19.7725,-101.1780556
2012,4.3,21.45,-100.6636111
2012,4.3,21.9725,-102.3625
2012,4.3,22.15666667,-103.2327778
2012,4.3,22.6625,-103.3575
2012,4.3,22.85944444,-100.6886111
2012,4.3,23.405,-99.98
2012,4.3,23.47194444,-103.88
2012,4.3,29.125,-110.4772222
2012,4.4,16.52805556,-92.43777778
2012,4.4,17.97944444,-98.38472222
2012,4.4,18.99083333,-99.42083333
2012,4.4,19.10694444,-99.61722222
2012,4.4,25.33805556 ,-100.5302778 
2012,4.5,18.96888889,-97.95833333
2012,4.5,19.32388889,-98.24666667
2012,4.5,19.53194444,-98.91055556
2012,4.5,21.93777778,-100.5844444
2012,4.5,24.25138889,-103.7955556
2012,4.5,26.52555556,-105.3733333
2012,4.5,30.78333333,-110.85
2012,4.6,16.71416667,-92.62888889
2012,4.6,18.89833333,-97.72805556
2012,4.6,19.29222222,-99.76777778
2012,4.6,19.46472222,-97.95805556
2012,4.6,19.70444444,-99.21916667
2012,4.6,21.01194444,-100.3652778
2012,4.6,21.56055556,-102.7863889
2012,4.6,21.64944444,-103.3397222
2012,4.6,21.65,-101.4797222
2012,4.6,22.20833333,-102.0222222
2012,4.6,22.82361111,-102.9516667
2012,4.6,24.20527778,-104.6580556
2012,4.6,24.44611111,-104.1222222
2012,4.6,24.62138889,-101.3894444
2012,4.6,26.38555556,-105.3772222
2012,4.6,31.32694444,-109.9477778
2012,4.7,19.08361111,-98.73833333
2012,4.7,20.95777778,-100.8933333
2012,4.7,21.90916667,-102.0869444
2012,4.7,24.19583333,-102.9783333
2012,4.8,16.73333333,-92.63333333
2012,4.8,18.95555556,-98.27527778
2012,4.8,19.02694444,-98.77972222
2012,4.8,19.115,-98.17527778
2012,4.8,20.12861111,-101.7488889
2012,4.8,20.38027778,-99.35027778
2012,4.8,20.615,-99.11555556
2012,4.8,20.64138889,-98.82861111
2012,4.8,21.78055556,-102.3716667
2012,4.8,21.81416667,-98.01416667
2012,4.8,22.23111111,-102.3152778
2012,4.8,22.37611111,-103.9247222
2012,4.8,22.65333333,-102.355
2012,4.8,24.2875,-103.4430556
2012,4.9,18.93888889,-98.135
2012,4.9,19.46111111,-100.0538889
2012,4.9,19.49388889,-99.84166667
2012,4.9,19.96388889,-99.31194444
2012,4.9,21.10777778,-100.8780556
2012,4.9,22.10083333,-102.0677778
2012,4.9,24.52694444,-104.6555556
2012,4.9,24.70555556,-103.5725
2012,4.9,24.72472222,-104.875
2012,5,19.06861111,-98.31805556
2012,5,19.19666667,-99.12861111
2012,5,19.45361111,-99.23833333
2012,5,19.84833333,-98.67083333
2012,5,19.89916667,-101.5047222
2012,5,19.92111111,-100.8622222
2012,5,19.92305556,-101.7469444
2012,5,19.93888889,-101.3833333
2012,5,21.23111111,-101.7052778
2012,5.1,19.89722222,-101.0380556
2012,5.1,19.975,-101.7594444
2012,5.1,19.9975,-100.5122222
2012,5.1,21.21111111,-101.4258333
2012,5.1,23.45027778,-102.3891667
2012,5.2,18.72111111,-97.785
2012,5.2,19.51944444,-98.8125
2012,5.2,19.675,-101.3916667
2012,5.2,19.9,-100.6916667
2012,5.2,20.08416667,-98.3575
2012,5.2,20.14916667,-100.2972222
2012,5.2,20.30555556,-101.7827778
2012,5.2,20.52972222,-98.63527778
2012,5.2,20.91916667,-100.4313889
2012,5.2,21.845,-100.4866667
2012,5.2,21.87722222,-102.4633333
2012,5.2,21.91638889,-101.9694444
2012,5.2,22.23972222,-102.0888889
2012,5.2,22.85222222,-101.2488889
2012,5.2,22.85805556,-102.6066667
2012,5.2,23.46444444,-100.9894444
2012,5.2,24.79305556,-104.0377778
2012,5.2,24.81,-100.7866667
2012,5.2,27.45444444,-105.8069444
2012,5.2,30.21055556,-108.9572222
2012,5.2,30.23583333,-109.8166667
2012,5.2,27.28555556 ,-103.7002778 
2012,5.3,18.93111111,-98.68972222
2012,5.3,19.58666667,-99.94555556
2012,5.3,20.87777778,-99.20833333
2012,5.3,22.4,-103.7261111
2012,5.3,23.49833333,-100.7197222
2012,5.3,23.59444444,-100.91
2012,5.4,18.52805556,-97.14472222
2012,5.4,19.05361111,-101.4205556
2012,5.4,19.95833333,-102.6
2012,5.4,20.28027778,-100.8997222
2012,5.4,21.89027778,-102.8325
2012,5.4,22.40194444,-99.59944444
2012,5.4,22.91888889,-104.0086111
2012,5.4,24.57666667,-102.7802778
2012,5.4,24.59,-102.1108333
2012,5.4,25.01,-105.2116667
2012,5.4,31.31861111,-110.9458333
2012,5.4,32.10194444,-116.8111111
2012,5.5,18.81583333,-99.55944444
2012,5.5,19.19055556,-99.02194444
2012,5.5,19.53416667,-99.23944444
2012,5.5,19.7725,-100.2883333
2012,5.5,19.90388889,-101.2611111
2012,5.5,19.9725,-100.4511111
2012,5.5,20.12083333,-98.74916667
2012,5.5,20.28083333,-98.65861111
2012,5.5,20.66777778,-100.6080556
2012,5.5,20.92222222,-101.0611111
2012,5.5,21.15222222,-100.9513889
2012,5.5,21.77861111,-102.1038889
2012,5.5,21.80944444,-102.1297222
2012,5.5,22.28277778,-101.5808333
2012,5.5,22.41194444,-99.84694444
2012,5.5,22.99277778,-102.8372222
2012,5.5,23.09361111,-101.5588889
2012,5.5,24.54027778,-104.8102778
2012,5.5,28.46666667,-109.5333333
2012,5.5,31.32916667,-116.2477778
2012,5.6,20.39805556,-100.8855556
2012,5.6,20.57611111,-104.3805556
2012,5.6,21.25888889,-103.1569444
2012,5.6,22.14138889,-102.4152778
2012,5.6,22.18305556,-100.9408333
2012,5.6,22.60916667,-103.9483333
2012,5.6,22.83166667,-102.4988889
2012,5.6,29.55,-104.4
2012,5.7,18.33,-97.01416667
2012,5.7,19.08694444,-98.88472222
2012,5.7,19.47666667,-99.09138889
2012,5.7,20.20194444,-101.8269444
2012,5.7,21.07861111,-101.8711111
2012,5.7,21.15583333,-100.9177778
2012,5.7,21.46861111,-103.4619444
2012,5.7,21.73111111,-102.4527778
2012,5.7,23.525,-104.7227778
2012,5.7,24.59416667,-99.99694444
2012,5.7,28.67055556,-106.1302778
2012,5.7,32.47222222,-116.8211111
2012,5.7,20.50416667 ,-100.4244444 
2012,5.8,16.37916667,-92.2375
2012,5.8,17.68666667,-97.39166667
2012,5.8,18.48333333,-98.71666667
2012,5.8,19.26361111,-97.14805556
2012,5.8,19.7,-101.1833333
2012,5.8,20.00416667,-103.1541667
2012,5.8,20.60805556,-102.2152778
2012,5.8,20.63944444,-99.32777778
2012,5.8,22.36277778,-102.2969444
2012,5.8,22.74694444,-102.5066667
2012,5.8,23.98333333,-99.75
2012,5.8,24.51805556,-104.7833333
2012,5.8,24.89444444,-106.1208333
2012,5.8,30.81194444,-110.7125
2012,5.8,31.32583333,-109.5488889
2012,5.8,20.705 ,-99.81388889 
2012,5.9,17.06583333,-96.87833333
2012,5.9,19.65833333,-98.55
2012,5.9,19.7975,-100.995
2012,5.9,20.00083333,-97.79416667
2012,5.9,22.03916667,-101.8925
2012,5.9,23.13055556,-101.1102778
2012,5.9,23.33194444,-109.9472222
2012,5.9,30.45194444,-111.2061111
2012,6,18.22777778,-97.57805556
2012,6,18.46388889,-97.39305556
2012,6,18.86944444,-97.91972222
2012,6,19.55805556,-99.41388889
2012,6,19.69583333,-96.84388889
2012,6,20.91194444,-100.7436111
2012,6,21.98333333,-103.6
2012,6,28.63333333,-106.0833333
2012,6,32.56888889,-116.6611111
2012,6.1,18.73833333,-97.91111111
2012,6.1,19.17888889,-99.00277778
2012,6.1,20.31944444,-101.4591667
2012,6.1,20.7625,-100.6147222
2012,6.1,21.01805556,-102.8258333
2012,6.1,22.01694444,-100.375
2012,6.1,22.67166667,-100.9155556
2012,6.2,16.73916667,-92.03777778
2012,6.2,17.33305556,-96.48305556
2012,6.2,18.2025,-97.4525
2012,6.2,18.59611111,-97.93
2012,6.2,19.13472222,-99.93
2012,6.2,19.18388889,-104.1255556
2012,6.2,19.82444444,-97.80722222
2012,6.2,20.22944444,-99.21527778
2012,6.2,20.51027778,-97.66805556
2012,6.2,20.76666667,-104.1
2012,6.2,21.48638889,-103.0208333
2012,6.2,21.72583333,-102.2722222
2012,6.2,22.07888889,-102.2730556
2012,6.2,22.09055556,-101.1152778
2012,6.2,22.64277778,-103.0019444
2012,6.2,23.17805556,-99.46138889
2012,6.2,23.45361111,-99.50916667
2012,6.2,24.39388889,-101.0966667
2012,6.2,25.50555556,-103.6538889
2012,6.2,29.54083333,-110.1194444
2012,6.2,25.43333333 ,-101 
2012,6.3,16.13916667,-96.44583333
2012,6.3,17.96666667,-97.41666667
2012,6.3,18.92861111,-99.72861111
2012,6.3,19.98944444,-100.5891667
2012,6.3,20.21444444,-100.8858333
2012,6.3,20.67527778,-101.8441667
2012,6.3,21.02194444,-101.2533333
2012,6.3,21.04861111,-101.8383333
2012,6.3,21.16,-100.9247222
2012,6.3,21.3575,-102.8455556
2012,6.3,21.75722222,-102.3022222
2012,6.3,22.77888889,-102.5669444
2012,6.3,30.35527778,-108.9316667
2012,6.3,30.77694444,-110.8608333
2012,6.3,32.49055556,-116.6838889
2012,6.4,17.28805556,-97.36805556
2012,6.4,19.05,-98.16666667
2012,6.4,20.12722222,-101.0283333
2012,6.4,20.8575,-102.22
2012,6.4,20.92777778,-103.0233333
2012,6.4,21.07222222,-101.1961111
2012,6.4,21.2325,-101.6391667
2012,6.4,22.31333333,-102.1658333
2012,6.4,22.62027778,-103.6530556
2012,6.4,22.74555556,-102.3694444
2012,6.4,25.87861111,-104.1625
2012,6.4,26.74166667,-104.3380556
2012,6.5,16.15416667,-91.86805556
2012,6.5,19.81638889,-100.4155556
2012,6.5,20.29833333,-101.0669444
2012,6.5,20.47972222,-99.22388889
2012,6.5,20.8425,-101.5938889
2012,6.5,21.105,-101.5522222
2012,6.5,21.87055556,-102.3491667
2012,6.5,22.59805556,-100.1447222
2012,6.5,23.60527778,-99.20305556
2012,6.5,24.70083333,-100.4163889
2012,6.6,17.28305556,-96.88305556
2012,6.6,18.75861111,-99.9925
2012,6.6,19.57611111,-98.91388889
2012,6.6,19.82333333,-101.0383333
2012,6.6,19.97833333,-103.2605556
2012,6.6,20.10111111,-101.3958333
2012,6.6,20.11055556,-100.7236111
2012,6.6,22.245,-100.6552778
2012,6.6,23.17388889,-102.8908333
2012,6.6,25.20138889,-111.5597222
2012,6.6,26.16388889,-100.8277778
2012,6.7,18.88388889,-98.38027778
2012,6.7,19.91972222,-100.0122222
2012,6.7,19.9325,-102.9444444
2012,6.7,20.50055556,-104.7736111
2012,6.7,20.55361111,-100.5827778
2012,6.7,20.70777778,-100.8355556
2012,6.7,20.84833333,-100.8258333
2012,6.7,20.92055556,-101.6975
2012,6.7,23.41333333,-100.7441667
2012,6.7,24.63138889,-102.7827778
2012,6.7,25.42,-104.28
2012,6.7,25.48972222,-100.3888889
2012,6.8,17.55694444,-99.6875
2012,6.8,18.2225,-99.2075
2012,6.8,18.82611111,-99.82
2012,6.8,18.98833333,-99.64944444
2012,6.8,19.38333333,-100.3833333
2012,6.8,19.7625,-97.23472222
2012,6.8,19.82638889,-100.8788889
2012,6.8,20.155,-99.355
2012,6.8,20.36972222,-100.5547222
2012,6.8,20.71583333,-101.3697222
2012,6.8,20.88083333,-101.8555556
2012,6.8,22.08833333,-101.9672222
2012,6.8,22.24777778,-100.5530556
2012,6.8,22.31972222,-101.1766667
2012,6.8,23.69944444,-101.93
2012,6.8,24.09222222,-100.3877778
2012,6.8,24.82055556,-100.0830556
2012,6.8,25.23,-104.1066667
2012,6.8,27.64722222,-113.4430556
2012,6.8,20.37416667 ,-99.99833333 
2012,6.8,20.85722222 ,-99.89972222 
2012,6.8,26.97277778 ,-102.0677778 
2012,6.9,19.28527778,-99.65277778
2012,6.9,19.53972222,-100.4822222
2012,6.9,20.87194444,-101.2444444
2012,6.9,21.74222222,-102.7169444
2012,6.9,22.12805556,-102.3594444
2012,6.9,23.89888889,-104.6044444
2012,6.9,24.9075,-111.2905556
2012,6.9,27.54861111,-113.3888889
2012,6.9,30.37444444,-109.6875
2012,6.9,24.81472222 ,-102.95 
2012,7,17.26666667,-96.54972222
2012,7,19.0125,-98.19305556
2012,7,19.81527778,-97.36
2012,7,19.96055556,-102.5844444
2012,7,20.43944444,-103.6325
2012,7,20.52222222,-101.1183333
2012,7,20.71972222,-100.7633333
2012,7,22.14722222,-102.2791667
2012,7,22.23277778,-102.4436111
2012,7,22.28444444,-103.7358333
2012,7,22.83194444,-101.9125
2012,7,25.26166667,-111.7744444
2012,7,26.32388889,-104.3511111
2012,7,30.05055556,-111.0213889
2012,7,31.73944444,-106.4869444
2012,7.1,18.85805556,-98.595
2012,7.1,20.38277778,-101.1788889
2012,7.1,21.09638889,-100.1627778
2012,7.1,21.49944444,-103.5505556
2012,7.1,21.84972222,-100.7622222
2012,7.1,22.09777778,-102.8719444
2012,7.1,25.5,-105.25
2012,7.1,26.68555556,-103.7469444
2012,7.1,28.16722222,-105.6275
2012,7.1,29.05527778,-109.2327778
2012,7.1,29.20444444,-110.1402778
2012,7.1,30.53333333,-111.1166667
2012,7.1,26.4825 ,-103.0352778 
2012,7.2,19.35777778,-98.99166667
2012,7.2,19.41583333,-99.04555556
2012,7.2,19.46527778,-99.07916667
2012,7.2,19.50833333,-96.94944444
2012,7.2,19.59027778,-96.94611111
2012,7.2,19.62333333,-99.28222222
2012,7.2,20.72527778,-102.8127778
2012,7.2,21.18166667,-102.8905556
2012,7.2,21.65222222,-102.9813889
2012,7.2,21.85027778,-102.2908333
2012,7.2,21.95861111,-102.4758333
2012,7.2,22.65027778,-102.4916667
2012,7.2,24.86944444,-103.6983333
2012,7.2,30.39944444,-111.5308333
2012,7.3,17.43305556,-96.54972222
2012,7.3,22.05305556,-100.4588889
2012,7.3,27.41111111,-112.5777778
2012,7.3,29.27083333,-110.6358333
2012,7.3,30.15555556,-110.245
2012,7.4,17.50861111,-93.12
2012,7.4,17.83305556,-96.86666667
2012,7.4,19.285,-104.245
2012,7.4,19.30333333,-99.14805556
2012,7.4,20.05444444,-103.1041667
2012,7.4,20.51138889,-100.7891667
2012,7.4,20.58138889,-100.8280556
2012,7.4,21.37666667,-104.6183333
2012,7.4,22.05888889,-103.3619444
2012,7.4,28.19416667,-105.4636111
2012,7.4,29.11388889,-109.9661111
2012,7.4,29.71055556,-110.5705556
2012,7.4,30.88777778,-110.85
2012,7.5,16.16666667,-96.5
2012,7.5,18.97388889,-99.48472222
2012,7.5,19.00777778,-100.0430556
2012,7.5,19.87333333,-103.5433333
2012,7.5,19.98555556,-102.2830556
2012,7.5,20.05694444,-102.7238889
2012,7.5,20.38055556,-104.8222222
2012,7.5,21.43361111,-102.5738889
2012,7.5,21.80194444,-102.2730556
2012,7.5,22.72888889,-99.60055556
2012,7.5,23.4225,-100.1180556
2012,7.5,28.2,-105.4666667
2012,7.5,29.42694444,-110.3922222
2012,7.5,20.52194444 ,-100.4480556 
2012,7.6,18.98972222,-99.75583333
2012,7.6,19.14666667,-96.95
2012,7.6,20.51027778,-101.6294444
2012,7.6,21.62555556,-101.9663889
2012,7.6,25.02083333,-100.0772222
2012,7.6,28.625,-109.9525
2012,7.6,28.64611111,-109.1075
2012,7.7,16.31055556,-91.97472222
2012,7.7,16.94777778,-96.78222222
2012,7.7,19.01,-98.96
2012,7.7,19.88611111,-101.3361111
2012,7.7,20.30861111,-101.1727778
2012,7.7,20.81694444,-101.3188889
2012,7.7,21.40472222,-103.1141667
2012,7.7,23.00111111,-99.7125
2012,7.7,24.51833333,-99.38694444
2012,7.7,24.98805556,-102.2130556
2012,7.7,26.16972222,-100.4644444
2012,7.7,27.54388889,-105.4119444
2012,7.7,28.89666667,-110.25
2012,7.7,29.80722222,-109.14
2012,7.7,27.00388889 ,-101.7244444 
2012,7.8,19.95805556,-99.53166667
2012,7.8,20.12555556,-101.1913889
2012,7.8,20.20277778,-104.0488889
2012,7.8,20.42055556,-103.5911111
2012,7.8,20.43305556,-99.14944444
2012,7.8,20.51888889,-101.1736111
2012,7.8,20.79861111,-104.0041667
2012,7.8,20.94333333,-101.4302778
2012,7.8,21.97444444,-103.525
2012,7.8,22.22361111,-102.1688889
2012,7.8,23.54222222,-110.1491667
2012,7.8,29.825,-110.2261111
2012,7.8,29.90333333,-109.3
2012,7.9,17.71,-97.08305556
2012,7.9,17.72361111,-100.875
2012,7.9,19.45555556,-96.94444444
2012,7.9,20.69583333,-102.9525
2012,7.9,20.79416667,-98.73444444
2012,7.9,20.99166667,-101.2272222
2012,7.9,21.17277778,-101.6963889
2012,7.9,21.80388889,-100.9333333
2012,7.9,22.13277778,-100.0577778
2012,7.9,23.68055556,-100.6444444
2012,7.9,23.69583333,-110.1194444
2012,7.9,27.86916667 ,-101.5194444 
2012,8,17.25,-96.10666667
2012,8,19.03916667,-99.09388889
2012,8,21.86,-102.6638889
2012,8,21.89555556,-102.3086111
2012,8,22.66194444,-99.90611111
2012,8,23.65,-100.1833333
2012,8,30.69777778,-112.1
2012,8,30.74166667,-111.1583333
2012,8,31.86138889,-112.8544444
2012,8,25.72972222 ,-102.0127778 
2012,8.1,16.11777778,-92.05166667
2012,8.1,19.02416667,-98.21555556
2012,8.1,19.39527778,-99.09777778
2012,8.1,19.96666667,-102.325
2012,8.1,22.12083333,-102.8591667
2012,8.1,24.82861111,-111.2188889
2012,8.2,16.38805556,-91.8625
2012,8.2,17.51666667,-96.93305556
2012,8.2,18.37555556,-98.36305556
2012,8.2,18.84666667,-98.61194444
2012,8.2,19.68861111,-101.1761111
2012,8.2,19.78333333,-101.4777778
2012,8.2,19.98888889,-101.275
2012,8.2,20.37388889,-99.32638889
2012,8.2,20.55,-102.5083333
2012,8.2,22.15277778,-100.9772222
2012,8.2,22.20277778,-102.135
2012,8.2,22.43194444,-100.2808333
2012,8.2,23.47,-104.3986111
2012,8.2,24.91083333,-99.68583333
2012,8.2,27.51944444,-109.2530556
2012,8.2,27.7,-105.1833333
2012,8.2,27.84083333,-109.3675
2012,8.2,28.97861111,-105.3116667
2012,8.2,30.51722222,-115.9313889
2012,8.2,30.615,-110.9488889
2012,8.3,17.08166667,-92.85111111
2012,8.3,18.19916667,-97.88638889
2012,8.3,19.92666667,-102.8758333
2012,8.3,20.04888889,-101.2408333
2012,8.3,20.39527778,-103.1355556
2012,8.3,22.01666667,-100.3316667
2012,8.3,23.56916667,-99.415
2012,8.3,24.84444444,-110.9736111
2012,8.3,26.82083333,-112.7972222
2012,8.3,27.29861111,-112.875
2012,8.4,18.68305556,-99.85027778
2012,8.4,18.77861111,-98.54083333
2012,8.4,18.92166667,-98.45416667
2012,8.4,19.65055556,-100.955
2012,8.4,19.67305556,-101.5561111
2012,8.4,20.18833333,-102.4333333
2012,8.4,20.42638889,-90.03111111
2012,8.4,20.87,-101.2947222
2012,8.4,27.1375,-112.9055556
2012,8.4,29.12666667,-110.3147222
2012,8.5,15.36416667,-92.24805556
2012,8.5,17.13638889,-96.62805556
2012,8.5,18.69166667,-98.82472222
2012,8.5,20.0325,-100.7122222
2012,8.5,20.17722222,-98.06111111
2012,8.5,20.61666667,-103.0666667
2012,8.5,27.39305556,-108.5361111
2012,8.5,31.89583333,-115.5972222
2012,8.5,20.6 ,-100.4333333 
2012,8.6,17.37027778,-98.83777778
2012,8.6,17.78972222,-99.97638889
2012,8.6,20.14305556,-100.5188889
2012,8.6,20.17861111,-98.06611111
2012,8.6,20.59166667,-103.8583333
2012,8.6,21.14833333,-102.6888889
2012,8.6,26.11722222,-100.2283333
2012,8.6,20.58333333 ,-100.4 
2012,8.6,29.03638889 ,-100.9555556 
2012,8.7,16.865,-96.78444444
2012,8.7,19.40361111,-99.19611111
2012,8.7,19.60472222,-96.88444444
2012,8.7,19.80111111,-102.6702778
2012,8.7,20.25777778,-102.5894444
2012,8.7,22.48527778,-99.56277778
2012,8.7,22.92027778,-101.095
2012,8.7,23.75555556,-110.2705556
2012,8.7,25.1,-106.5666667
2012,8.8,16.78916667,-92.82833333
2012,8.8,19.33388889,-99.13222222
2012,8.8,19.52722222,-90.18777778
2012,8.8,20.05388889,-100.6727778
2012,8.8,20.28722222,-100.7602778
2012,8.8,20.455,-100.6208333
2012,8.8,20.54777778,-104.0472222
2012,8.8,20.67583333,-101.1488889
2012,8.8,21.86361111,-100.0280556
2012,8.8,21.99666667,-102.6741667
2012,8.8,22.49055556,-103.8388889
2012,8.8,22.92888889,-98.075
2012,8.8,23.58194444,-110.2208333
2012,8.8,24.19694444,-99.34805556
2012,8.8,24.46972222,-111.0016667
2012,8.8,24.68944444,-98.82972222
2012,8.8,25.83222222,-103.8466667
2012,8.8,26.81555556,-108.9980556
2012,8.8,27.04611111 ,-101.7930556 
2012,8.9,20.09888889,-99.12194444
2012,8.9,20.90638889,-103.9797222
2012,8.9,21.19527778,-101.6675
2012,8.9,21.26722222,-99.71777778
2012,8.9,21.77083333,-99.91472222
2012,8.9,22.18055556,-99.65277778
2012,8.9,22.25611111,-99.86305556
2012,8.9,24.22972222,-102.1508333
2012,8.9,25.09166667,-111.3255556
2012,8.9,25.12222222,-111.9541667
2012,8.9,27.12555556,-109.8419444
2012,9,18.80694444,-99.77916667
2012,9,18.98333333,-99.23333333
2012,9,19.5825,-100.9238889
2012,9,19.65194444,-96.87305556
2012,9,20.42583333,-103.2422222
2012,9,20.54444444,-100.6855556
2012,9,20.56527778,-101.1997222
2012,9,21.29861111,-100.0925
2012,9,22.61138889,-104.0508333
2012,9,24.77972222,-111.15
2012,9,26.885,-112.6161111
2012,9,27.62388889,-110.4166667
2012,9,32.44694444,-116.9077778
2012,9.1,19.82222222,-101.9291667
2012,9.1,19.94,-104.2597222
2012,9.1,20.99416667,-101.9941667
2012,9.1,21.01472222,-101.2661111
2012,9.1,21.03416667,-101.2558333
2012,9.1,21.80944444,-99.85444444
2012,9.1,25.05333333,-111.1222222
2012,9.1,26.13166667,-99.74444444
2012,9.1,29.00361111,-110.1377778
2012,9.1,29.85638889,-109.3055556
2012,9.1,29.21472222 ,-100.945 
2012,9.2,18.87805556,-98.77527778
2012,9.2,20.27583333,-101.3588889
2012,9.2,20.32888889,-102.5425
2012,9.2,20.33083333,-102.7633333
2012,9.2,20.43833333,-101.7422222
2012,9.2,20.49944444,-101.9488889
2012,9.2,24.52277778,-105.9516667
2012,9.2,25.81361111,-100.79
2012,9.2,26.26694444,-100.6091667
2012,9.2,28.71333333,-110.3483333
2012,9.2,26.62138889 ,-101.3125 
2012,9.2,27.14222222 ,-101.6522222 
2012,9.2,27.42222222 ,-101.0022222 
2012,9.3,18.75027778,-99.62222222
2012,9.3,19.51194444,-96.90388889
2012,9.3,24.10305556,-99.81833333
2012,9.3,25.51,-100.1933333
2012,9.3,27.17194444,-100.4105556
2012,9.3,30.00361111,-110.215
2012,9.4,17.08305556,-96.70972222
2012,9.4,18.90277778,-99.455
2012,9.4,18.91694444,-99.68472222
2012,9.4,20.3375,-102.2830556
2012,9.4,20.48055556,-102.2488889
2012,9.4,20.51166667,-100.9513889
2012,9.4,20.53638889,-100.8166667
2012,9.4,20.88666667,-98.20111111
2012,9.4,21.58611111,-99.56666667
2012,9.4,25.28361111,-100.0202778
2012,9.4,26.49333333,-99.52416667
2012,9.4,28.46222222,-109.5263889
2012,9.4,29.68416667,-110.955
2012,9.5,16.25111111,-92.13416667
2012,9.5,16.36722222,-92.36916667
2012,9.5,18.91194444,-98.75305556
2012,9.5,20.51027778,-103.8569444
2012,9.5,20.70027778,-103.9761111
2012,9.5,21.30944444,-104.9066667
2012,9.5,27.58416667,-110.3244444
2012,9.5,25.31861111 ,-102.8080556 
2012,9.6,16.39027778,-92.075
2012,9.6,20.11777778,-102.3741667
2012,9.6,20.37416667,-98.04055556
2012,9.6,20.52527778,-104.7863889
2012,9.6,20.66833333,-101.3372222
2012,9.6,21.04194444,-101.4361111
2012,9.6,21.92138889,-99.99638889
2012,9.6,23.53333333,-110.0744444
2012,9.6,28.90361111,-111.555
2012,9.6,27.84666667 ,-101.1227778 
2012,9.7,20.00972222,-103.5152778
2012,9.7,20.64833333,-103.7011111
2012,9.7,20.70638889,-103.3922222
2012,9.7,24.78111111,-99.69777778
2012,9.7,27.39861111,-108.8438889
2012,9.7,25.48944444 ,-102.9425 
2012,9.8,17.85,-97.18305556
2012,9.8,18.59861111,-99.36944444
2012,9.8,18.6125,-98.165
2012,9.8,18.89166667,-98.85833333
2012,9.8,23.43888889,-110.0694444
2012,9.8,23.57111111,-98.53166667
2012,9.8,24.03611111,-110.125
2012,9.8,24.93,-111.6283333
2012,9.8,25.54222222,-100.0086111
2012,9.8,25.63861111,-100.455
2012,9.8,28.75,-109.6344444
2012,9.8,25.75722222 ,-102.9955556 
2012,9.9,20.33722222,-102.0213889
2012,9.9,22.85888889,-100.1516667
2012,9.9,25.41722222,-99.99722222
2012,9.9,26.50138889,-100.4219444
2012,10,16.57944444,-96.73722222
2012,10,18.81333333,-98.75
2012,10,19.39361111,-99.5175
2012,10,20.44666667,-101.5363889
2012,10,21.72388889,-102.8975
2012,10,22.2075,-101.0222222
2012,10,23.17222222,-109.9861111
2012,10,24.58111111,-98.94694444
2012,10,24.83888889,-111.1272222
2012,10,32.06027778,-115.0594444
2012,10,32.41277778,-115.1919444
2012,10.1,17.43166667,-95.83027778
2012,10.1,18.41527778,-98.01666667
2012,10.1,18.55083333,-99.41888889
2012,10.1,18.98694444,-98.91972222
2012,10.1,19.525,-103.4333333
2012,10.1,20.74027778,-101.0494444
2012,10.1,21.60472222,-103.3377778
2012,10.1,21.95472222,-99.99638889
2012,10.1,25.21472222,-99.93833333
2012,10.1,27.17111111,-109.3583333
2012,10.1,30.72833333,-111.8361111
2012,10.1,32.71527778,-114.7288889
2012,10.2,18.33194444,-97.47444444
2012,10.2,18.52,-99.145
2012,10.2,18.94833333,-99.33138889
2012,10.2,19.2125,-96.96388889
2012,10.2,20.22777778,-103.5694444
2012,10.2,21.29888889,-104.8766667
2012,10.2,21.46166667,-103.0866667
2012,10.2,21.7975,-100.7361111
2012,10.2,23.14333333,-110.0011111
2012,10.2,23.48222222,-109.7183333
2012,10.2,24.90083333,-99.4975
2012,10.2,27.05944444,-109.0063889
2012,10.2,27.415,-109.6283333
2012,10.2,27.53388889,-99.97583333
2012,10.2,25.77388889 ,-103.2627778 
2012,10.2,29.15861111 ,-100.9883333 
2012,10.3,19.06527778,-101.4277778
2012,10.3,20.67027778,-103.2858333
2012,10.3,24.30416667,-111.2125
2012,10.3,24.73166667,-99.40277778
2012,10.3,21.24222222 ,-99.26027778 
2012,10.4,17.75555556,-99.48111111
2012,10.4,18.73,-98.7625
2012,10.4,19.90111111,-88.81194444
2012,10.4,21.07027778,-98.49
2012,10.4,21.65111111,-99.83055556
2012,10.4,22.00027778,-102.8891667
2012,10.4,27.45472222,-110.0361111
2012,10.5,15.3325,-92.2675
2012,10.5,16.87305556,-93.22694444
2012,10.5,18.7125,-98.2625
2012,10.5,19.1925,-100.1305556
2012,10.5,19.54,-96.91666667
2012,10.5,19.55,-96.85
2012,10.5,22.00416667,-99.64638889
2012,10.5,23.21666667,-99.07666667
2012,10.5,23.69027778,-109.9444444
2012,10.5,24.14833333,-105.9527778
2012,10.5,24.17583333,-99.04361111
2012,10.5,24.47361111,-99.49027778
2012,10.5,24.87194444,-99.57888889
2012,10.5,25.10305556,-99.35111111
2012,10.5,26.22472222,-111.475
2012,10.5,26.98361111,-109.2230556
2012,10.5,27.61888889,-110.0022222
2012,10.6,16.23333333,-92.13333333
2012,10.6,16.38138889,-91.71055556
2012,10.6,19.0675,-100.0783333
2012,10.6,23.05305556,-109.915
2012,10.6,24.69416667,-99.6675
2012,10.6,24.97611111,-99.43944444
2012,10.6,25.03222222,-111.6702778
2012,10.6,28.25777778,-109.2994444
2012,10.7,19.21472222,-100.4066667
2012,10.7,21.84194444,-99.64083333
2012,10.7,23.36388889,-110.1652778
2012,10.7,23.74166667,-109.8402778
2012,10.7,25.26527778,-103.7736111
2012,10.7,27.07805556,-100.4908333
2012,10.7,27.51888889 ,-100.6197222 
2012,10.8,18.19972222,-98.26027778
2012,10.8,18.29583333,-97.16388889
2012,10.8,18.74888889,-98.16916667
2012,10.8,18.85444444,-99.02166667
2012,10.8,18.94722222,-98.82916667
2012,10.8,20.09416667,-103.3763889
2012,10.8,20.73527778,-101.2261111
2012,10.8,21.18444444,-97.81444444
2012,10.8,21.85972222,-100.0763889
2012,10.8,23.2375,-110.0680556
2012,10.8,23.53888889,-109.6763889
2012,10.8,23.86111111,-110.6555556
2012,10.8,24.95861111,-99.32972222
2012,10.8,25.19527778,-112.1111111
2012,10.8,25.80055556,-100.2755556
2012,10.8,26.42388889,-109.025
2012,10.8,27.06388889,-100.0133333
2012,10.8,27.71805556,-109.9216667
2012,10.8,28.4,-109.8833333
2012,10.9,16.98638889,-92.89138889
2012,10.9,18.62916667,-99.32583333
2012,10.9,18.79805556,-98.81222222
2012,10.9,19.57833333,-89.60055556
2012,10.9,21.37472222,-104.7916667
2012,10.9,22.84444444,-99.33166667
2012,10.9,25.54611111,-103.5219444
2012,10.9,25.79361111,-100.1972222
2012,10.9,26.14166667,-111.4555556
2012,10.9,26.26861111,-109.0372222
2012,10.9,27.59833333,-109.9302778
2012,10.9,27.98333333,-110.9666667
2012,10.9,28.28333333,-110.7
2012,11,15.19444444,-92.34583333
2012,11,16.06805556,-96.79416667
2012,11,16.09138889,-96.465
2012,11,16.32944444,-96.59388889
2012,11,16.6,-97.2
2012,11,16.7,-99.40166667
2012,11,16.70055556,-99.51027778
2012,11,16.76166667,-92.92277778
2012,11,16.82694444,-96.78055556
2012,11,16.83388889,-92.58027778
2012,11,17.02222222,-92.30722222
2012,11,17.33527778,-100.3533333
2012,11,17.35,-96.15
2012,11,17.38083333,-97.3575
2012,11,17.39972222,-96.93305556
2012,11,17.41444444,-100.6069444
2012,11,17.44444444,-98.45027778
2012,11,17.46111111,-92.7775
2012,11,17.56694444,-98.7275
2012,11,17.60861111,-99.17583333
2012,11,17.73305556,-96.84972222
2012,11,17.74194444,-91.76305556
2012,11,17.79166667,-91.15833333
2012,11,17.86666667,-97.36666667
2012,11,18.05666667,-90.82055556
2012,11,18.07333333,-100.5113889
2012,11,18.09611111,-99.55638889
2012,11,18.09861111,-101.7030556
2012,11,18.1,-101.0516667
2012,11,18.13416667,-99.83111111
2012,11,18.30111111,-99.87222222
2012,11,18.3025,-99.33277778
2012,11,18.31333333,-101.735
2012,11,18.32361111,-98.81972222
2012,11,18.45944444,-99.40083333
2012,11,18.51,-88.56861111
2012,11,18.54611111,-99.64527778
2012,11,18.60444444,-90.74111111
2012,11,18.62,-97.41055556
2012,11,18.62694444,-100.8972222
2012,11,18.89222222,-99.23333333
2012,11,18.89305556,-100.1022222
2012,11,18.92194444,-98.55138889
2012,11,19.06305556,-99.38611111
2012,11,19.14777778,-102.3325
2012,11,19.20305556,-99.14916667
2012,11,19.23555556,-101.4569444
2012,11,19.26333333,-101.6752778
2012,11,19.27888889,-99.68583333
2012,11,19.30638889,-104.8875
2012,11,19.41277778,-100.3938889
2012,11,19.45277778,-99.28361111
2012,11,19.5,-96.885
2012,11,19.50138889,-88.39777778
2012,11,19.50555556,-90.58416667
2012,11,19.51638889,-101.6097222
2012,11,19.56138889,-97.14805556
2012,11,19.56277778,-99.21583333
2012,11,19.56666667,-88.05
2012,11,19.57277778,-99.665
2012,11,19.6625,-99.95777778
2012,11,19.72972222,-90.35083333
2012,11,19.7325,-98.59555556
2012,11,19.75305556,-103.1811111
2012,11,19.80611111,-97.30777778
2012,11,19.81083333,-98.26611111
2012,11,19.81527778,-98.48416667
2012,11,19.82388889,-98.95444444
2012,11,19.85166667,-98.93638889
2012,11,19.85861111,-100.8272222
2012,11,19.87388889,-89.92694444
2012,11,19.93583333,-99.28361111
2012,11,19.95611111,-101.1380556
2012,11,19.96027778,-98.70805556
2012,11,20.08333333,-104.0975
2012,11,20.11944444,-98.10083333
2012,11,20.16861111,-89.235
2012,11,20.205,-89.29111111
2012,11,20.2275,-89.53194444
2012,11,20.26527778,-98.95805556
2012,11,20.27694444,-97.96027778
2012,11,20.30555556,-101.5972222
2012,11,20.36944444,-99.64805556
2012,11,20.41027778,-89.28777778
2012,11,20.44166667,-97.76138889
2012,11,20.46611111,-98.66694444
2012,11,20.48777778,-100.9627778
2012,11,20.5275,-101.3713889
2012,11,20.58166667,-102.7455556
2012,11,20.59527778,-89.00527778
2012,11,20.62361111,-103.2411111
2012,11,20.71527778,-99.12222222
2012,11,20.74388889,-105.2294444
2012,11,20.90111111,-88.75805556
2012,11,20.91305556,-89.955
2012,11,21.02527778,-101.8366667
2012,11,21.04083333,-98.15305556
2012,11,21.04944444,-89.64722222
2012,11,21.055,-104.4841667
2012,11,21.07333333,-89.52083333
2012,11,21.10027778,-101.3983333
2012,11,21.12361111,-88.63861111
2012,11,21.13138889,-102.0047222
2012,11,21.15972222,-88.95777778
2012,11,21.19805556,-102.125
2012,11,21.2125,-103.3638889
2012,11,21.22444444,-101.82
2012,11,21.345,-98.22611111
2012,11,21.34777778,-101.9413889
2012,11,21.43083333,-99.00833333
2012,11,21.48888889,-101.7527778
2012,11,21.6825,-104.3161111
2012,11,21.7325,-103.2147222
2012,11,21.7675,-102.9688889
2012,11,21.76805556,-99.90694444
2012,11,21.77361111,-103.3094444
2012,11,21.81138889,-103.4591667
2012,11,21.92333333,-103.3163889
2012,11,21.935,-102.5508333
2012,11,21.96444444,-102.6972222
2012,11,21.97361111,-99.00138889
2012,11,22.01194444,-99.21638889
2012,11,22.01666667,-98.78361111
2012,11,22.01833333,-101.8547222
2012,11,22.025,-98.33611111
2012,11,22.0375,-100.7319444
2012,11,22.21361111,-98.985
2012,11,22.36277778,-102.8891667
2012,11,22.44194444,-101.7855556
2012,11,22.45472222,-103.1536111
2012,11,22.46805556,-104.2166667
2012,11,22.52083333,-104.3186111
2012,11,22.57777778,-102.2694444
2012,11,22.59166667,-105.3416667
2012,11,22.60972222,-103.0975
2012,11,22.615,-98.46166667
2012,11,22.64527778,-104.1005556
2012,11,22.75194444,-101.0833333
2012,11,22.7675,-102.5886111
2012,11,22.79833333,-105.265
2012,11,23.09583333,-105.8458333
2012,11,23.17583333,-99.27444444
2012,11,23.28888889,-102.3441667
2012,11,23.30222222,-99.54833333
2012,11,23.32777778,-101.7369444
2012,11,23.36222222,-100.5541667
2012,11,23.4075,-99.37527778
2012,11,23.47222222,-109.4527778
2012,11,23.64972222,-103.4475
2012,11,23.74611111,-99.98194444
2012,11,23.77361111,-99.24638889
2012,11,23.95666667,-103.4475
2012,11,23.99833333,-104.5858333
2012,11,24.07194444,-97.84305556
2012,11,24.14861111,-110.5677778
2012,11,24.28861111,-103.5066667
2012,11,24.3675,-99.09694444
2012,11,24.39166667,-111.1083333
2012,11,24.59027778,-111.4638889
2012,11,24.6775,-101.7730556
2012,11,24.68777778,-103.2263889
2012,11,24.71194444,-106.5436111
2012,11,24.72555556,-99.47111111
2012,11,24.8125,-110.9805556
2012,11,24.84027778,-111.7833333
2012,11,24.88972222,-100.1802778
2012,11,24.91888889,-99.25472222
2012,11,24.94444444,-106.2591667
2012,11,24.99111111,-99.74194444
2012,11,24.99166667,-111.4
2012,11,24.9925,-99.21333333
2012,11,25.00055556,-111.8338889
2012,11,25.09444444,-107.3930556
2012,11,25.10777778,-100.6625
2012,11,25.12083333,-111.8133333
2012,11,25.15166667,-99.92666667
2012,11,25.18194444,-99.83222222
2012,11,25.18888889,-111.4111111
2012,11,25.19638889,-100.2141667
2012,11,25.3625,-111.1722222
2012,11,25.36805556,-111.5194444
2012,11,25.39722222,-111.755
2012,11,25.49027778,-111.9152778
2012,11,25.54833333,-104.5838889
2012,11,25.56666667,-103.5333333
2012,11,25.5875,-111.6402778
2012,11,25.60083333,-105.7463889
2012,11,25.61444444,-105.0036111
2012,11,25.66111111,-108.06
2012,11,25.68111111,-100.7175
2012,11,25.71527778,-107.9163889
2012,11,25.76111111,-112.0375
2012,11,25.76666667,-105.7858333
2012,11,25.80833333,-107.5602778
2012,11,25.85861111,-100.0222222
2012,11,25.86527778,-111.5444444
2012,11,25.89444444,-108.025
2012,11,25.95222222,-100.1722222
2012,11,25.95916667,-112.0819444
2012,11,25.97,-109.3044444
2012,11,26.00222222,-100.5333333
2012,11,26.02222222,-99.19666667
2012,11,26.05833333,-111.825
2012,11,26.07083333,-108.7844444
2012,11,26.10638889,-103.4427778
2012,11,26.14,-103.7591667
2012,11,26.18194444,-112.0777778
2012,11,26.25694444,-112.4827778
2012,11,26.28277778,-106.0105556
2012,11,26.30916667,-99.54916667
2012,11,26.32416667,-111.9847222
2012,11,26.38055556,-112.5986111
2012,11,26.3925,-104.005
2012,11,26.52666667,-112.6533333
2012,11,26.58888889,-112.7222222
2012,11,26.71555556,-113.5741667
2012,11,26.72083333,-112.3055556
2012,11,26.76694444,-108.8216667
2012,11,26.89277778,-108.3541667
2012,11,26.91833333,-109.4533333
2012,11,27.06111111,-112.2388889
2012,11,27.19361111,-109.1955556
2012,11,27.23833333,-100.1313889
2012,11,27.26,-112.3508333
2012,11,27.2875,-107.1255556
2012,11,27.35416667,-110.0355556
2012,11,27.54861111,-112.975
2012,11,27.59833333,-113.0319444
2012,11,27.65833333,-109.2125
2012,11,27.68888889,-114.8972222
2012,11,27.83888889,-113.3208333
2012,11,27.84694444,-115.0813889
2012,11,27.88472222,-113.7777778
2012,11,27.96805556,-114.0458333
2012,11,28.18277778,-108.2138889
2012,11,28.21833333,-113.0844444
2012,11,28.22861111,-113.7552778
2012,11,28.3,-114.0258333
2012,11,28.3025,-112.8783333
2012,11,28.37694444,-110.5308333
2012,11,28.44416667,-110.3697222
2012,11,28.47333333,-110.31
2012,11,28.60388889,-113.5561111
2012,11,28.63444444,-114.0172222
2012,11,28.66805556,-114.2369444
2012,11,29.38083333,-110.9005556
2012,11,29.48805556,-114.3638889
2012,11,29.72194444,-115.1302778
2012,11,29.72722222,-114.7108333
2012,11,29.83666667,-111.4788889
2012,11,29.9375,-114.9669444
2012,11,29.96722222,-115.0969444
2012,11,30.03055556,-110.675
2012,11,30.32055556,-115.8205556
2012,11,30.40166667,-115.8883333
2012,11,30.57944444,-115.9377778
2012,11,30.62694444,-110.9675
2012,11,30.66583333,-111.405
2012,11,30.88444444,-116.1236111
2012,11,30.95,-116.1
2012,11,31.0375,-115.2041667
2012,11,31.07222222,-116.2061111
2012,11,31.27027778,-116.0369444
2012,11,31.71388889,-116.6661111
2012,11,31.79027778,-116.5880556
2012,11,31.79194444,-116.4061111
2012,11,32.41861111,-115.0361111
2012,11,32.57027778,-115.1108333
2012,11,20.18472222 ,-100.1455556 
2012,11,20.57027778 ,-100.3697222 
2012,11,20.78555556 ,-100.0452778 
2012,11,25.06805556 ,-103.2838889 
2012,11,25.43833333 ,-102.1727778 
2012,11,25.54222222 ,-103.4691667 
2012,11,25.97694444 ,-101.2488889 
2012,11,26.39277778 ,-101.3533333 
2012,11,26.53138889 ,-101.2588889 
2012,11,27.18277778 ,-101.4327778 
2012,11,27.3125 ,-102.3963889 
2012,11,28.63666667 ,-102.9483333 
2012,11.1,17.77777778,-98.72972222
2012,11.1,20.03888889,-97.52222222
2012,11.1,20.05166667,-102.8372222
2012,11.1,22.49333333,-99.42888889
2012,11.1,25.42944444,-100.1288889
2012,11.1,25.59722222,-111.3361111
2012,11.1,27.42916667,-100.3738889
2012,11.1,29.53472222,-109.5316667
2012,11.2,18.10944444,-98.48333333
2012,11.2,18.25,-96.81666667
2012,11.2,18.64777778,-99.64861111
2012,11.2,18.93666667,-98.92805556
2012,11.2,19.00833333,-88.83333333
2012,11.2,19.45833333,-100.4941667
2012,11.2,19.46527778,-96.46388889
2012,11.2,19.71861111,-104.2033333
2012,11.2,19.81527778,-90.38111111
2012,11.2,19.87416667,-89.21694444
2012,11.2,19.98805556,-90.11777778
2012,11.2,20.15833333,-103.0433333
2012,11.2,22.39222222,-100.0661111
2012,11.2,23.47027778,-99.34333333
2012,11.2,23.62916667,-99.30444444
2012,11.2,23.89305556,-110.1430556
2012,11.2,24.02166667,-110.3552778
2012,11.2,24.56666667,-99.55111111
2012,11.2,24.75416667,-98.53472222
2012,11.2,24.8,-107.1625
2012,11.2,25.96222222,-100.0155556
2012,11.2,26.11527778,-100.3605556
2012,11.2,26.53666667,-100.5333333
2012,11.2,27.35305556,-109.8594444
2012,11.2,27.41305556,-110.2469444
2012,11.2,26.61333333 ,-102.2730556 
2012,11.2,28.48722222 ,-100.9166667 
2012,11.3,18.22972222,-95.44527778
2012,11.3,23.38166667,-98.015
2012,11.3,23.73222222,-99.17722222
2012,11.3,23.925,-110.2638889
2012,11.3,26.50055556,-100.1538889
2012,11.3,27.29166667,-109.3583333
2012,11.3,27.88666667 ,-101.4022222 
2012,11.4,17.55138889,-99.50083333
2012,11.4,18.86027778,-99.32638889
2012,11.4,19.05,-96.98611111
2012,11.4,21.03333333,-104.375
2012,11.4,23.96805556,-109.9361111
2012,11.4,24.25277778,-98.97777778
2012,11.4,24.61833333,-98.29722222
2012,11.4,26.49138889,-100.0583333
2012,11.4,27.71305556,-109.9041667
2012,11.4,29.22972222,-110.7061111
2012,11.5,17.60333333,-99.93333333
2012,11.5,18.61111111,-99.25972222
2012,11.5,18.685,-99.24388889
2012,11.5,18.8675,-99.42916667
2012,11.5,20.3425,-98.21722222
2012,11.5,21.13611111,-101.6988889
2012,11.5,22.91555556,-98.34555556
2012,11.5,24.24,-98.81833333
2012,11.5,24.39972222,-99.11305556
2012,11.5,25.83194444,-99.62444444
2012,11.5,26.41638889,-108.6177778
2012,11.5,28.82611111,-111.6588889
2012,11.5,27.22916667 ,-101.2275 
2012,11.6,18.13416667,-99.92583333
2012,11.6,18.3875,-88.9125
2012,11.6,18.65222222,-99.57333333
2012,11.6,19.6875,-103.2577778
2012,11.6,21.05194444,-103.4388889
2012,11.6,23.62666667,-98.37083333
2012,11.6,23.6525,-99.10388889
2012,11.6,25.30638889,-99.73388889
2012,11.6,26.76416667,-112.4186111
2012,11.7,17.8,-96.95
2012,11.7,18.14972222,-96.71777778
2012,11.7,18.74694444,-99.675
2012,11.7,18.85055556,-98.95527778
2012,11.7,19.58833333,-96.78416667
2012,11.7,25.80138889,-99.17555556
2012,11.7,27.3,-109.9683333
2012,11.7,27.48388889,-110.0130556
2012,11.8,15.87083333,-92.95361111
2012,11.8,16.57305556,-93.36694444
2012,11.8,16.66333333,-96.3075
2012,11.8,18.44,-99.025
2012,11.8,18.50277778,-99.79222222
2012,11.8,18.60083333,-99.54305556
2012,11.8,18.63666667,-99.20083333
2012,11.8,18.64333333,-98.69111111
2012,11.8,18.65,-99.18333333
2012,11.8,18.735,-99.26583333
2012,11.8,18.85444444,-99.22722222
2012,11.8,19.16222222,-103.5241667
2012,11.8,19.79305556,-89.33277778
2012,11.8,24.86833333,-98.69083333
2012,11.8,25.16583333,-99.31833333
2012,11.8,25.23027778,-99.25416667
2012,11.8,25.29694444,-99.34888889
2012,11.8,27.15416667,-112.1527778
2012,11.8,27.40944444,-110.0375
2012,11.8,21.21666667 ,-99.46666667 
2012,11.9,15.43361111,-92.11416667
2012,11.9,16.75083333,-93.37388889
2012,11.9,18.81027778,-98.95083333
2012,11.9,20.33555556,-103.0175
2012,11.9,20.65,-89.68
2012,11.9,22.02583333,-100.1777778
2012,11.9,22.85861111,-98.23333333
2012,11.9,23.90444444,-99.11777778
2012,11.9,25.39583333,-99.54555556
2012,11.9,25.69138889,-99.63055556
2012,11.9,29.21333333,-110.7286111
2012,11.9,32.55,-115.4666667
2012,12,18.33527778,-100.0725
2012,12,18.63805556,-98.81777778
2012,12,18.91861111,-99.23416667
2012,12,19.81111111,-96.91666667
2012,12,21.31805556,-105.0130556
2012,12,21.825,-103.7833333
2012,12,23.14083333,-99.115
2012,12,23.91861111,-99.00444444
2012,12,24.97777778,-98.31111111
2012,12,25.50138889,-99.52138889
2012,12,26.51583333,-108.5972222
2012,12,27.52944444,-109.4011111
2012,12,27.55,-110.5
2012,12.1,18.47111111,-98.77777778
2012,12.1,18.61,-99.42444444
2012,12.1,18.65083333,-98.9925
2012,12.1,20.13694444,-90.17472222
2012,12.1,20.31972222,-105.3261111
2012,12.1,21.04305556,-104.7538889
2012,12.1,22.91666667,-98.5975
2012,12.1,25.22222222,-108.1902778
2012,12.1,25.85444444,-99.94333333
2012,12.1,27.41194444,-108.8766667
2012,12.2,18.67083333,-98.97527778
2012,12.2,20.67638889,-103.3461111
2012,12.2,21.6125,-99.11666667
2012,12.2,21.68916667,-99.47166667
2012,12.2,22.8525,-99.49277778
2012,12.2,23.565,-98.79361111
2012,12.2,23.80222222,-110.1091667
2012,12.2,23.80694444,-110.0583333
2012,12.2,24.2525,-99.43444444
2012,12.2,24.93805556,-99.38527778
2012,12.2,25.36666667,-107.8375
2012,12.2,25.87222222,-108.3236111
2012,12.2,26.65805556,-99.98638889
2012,12.3,16.18416667,-92.2875
2012,12.3,16.5775,-92.71527778
2012,12.3,17.91194444,-98.48194444
2012,12.3,18.90638889,-98.97027778
2012,12.3,20.28138889,-101.0063889
2012,12.3,20.88277778,-103.8366667
2012,12.3,20.94777778,-101.4427778
2012,12.3,23.2575,-98.60833333
2012,12.3,23.74777778,-99.17166667
2012,12.3,25.94111111,-100.6869444
2012,12.4,16.665,-93.80083333
2012,12.4,19.60472222,-96.9
2012,12.4,19.64861111,-103.9833333
2012,12.4,19.73888889,-88.70972222
2012,12.4,22.66166667,-98.455
2012,12.4,23.06944444,-109.7069444
2012,12.4,23.44861111,-110.2233333
2012,12.4,23.64666667,-98.08333333
2012,12.5,16.55,-96.36666667
2012,12.5,18.58194444,-99.04472222
2012,12.5,23.44111111,-109.7944444
2012,12.5,24.09722222,-106.6666667
2012,12.5,25.95916667,-100.2927778
2012,12.5,26.2225,-99.4825
2012,12.5,27.77666667,-109.9044444
2012,12.6,18.58388889,-99.18416667
2012,12.6,18.88,-99.15333333
2012,12.6,20.63833333,-103.3105556
2012,12.6,20.80611111,-104.4027778
2012,12.6,21.225,-98.89166667
2012,12.6,21.81777778,-98.945
2012,12.6,23.10833333,-109.8541667
2012,12.6,24.14583333,-110.2055556
2012,12.6,27.07194444,-109.4433333
2012,12.7,18.29805556,-99.11972222
2012,12.7,18.59638889,-98.84361111
2012,12.7,19.38833333,-104.0469444
2012,12.7,20.42666667,-89.75555556
2012,12.7,24.86666667,-98.63472222
2012,12.7,31.31666667,-113.5369444
2012,12.8,18.52666667,-98.58222222
2012,12.8,18.79583333,-99.4675
2012,12.8,18.88333333,-98.865
2012,12.8,19.98722222,-97.29833333
2012,12.8,20.72027778,-103.3919444
2012,12.8,21.88833333,-104.3561111
2012,12.8,22.37222222,-99.2875
2012,12.8,24.08388889,-99.12694444
2012,12.8,24.09416667,-99.14694444
2012,12.8,24.66694444,-99.25388889
2012,12.8,25.48277778,-107.9211111
2012,12.8,25.73055556,-108.3458333
2012,12.8,27.56166667,-109.8458333
2012,12.8,25.75888889 ,-103.0536111 
2012,12.9,16.695,-95.28583333
2012,12.9,17.67222222,-99.70111111
2012,12.9,18,-96.70972222
2012,12.9,18.45,-99.1
2012,12.9,20.15361111,-103.1844444
2012,12.9,23.16638889,-97.95333333
2012,12.9,23.59138889,-109.6791667
2012,12.9,23.72611111,-99.14611111
2012,12.9,23.78722222,-97.77777778
2012,12.9,24.07083333,-98.74222222
2012,12.9,25.12833333,-99.04027778
2012,12.9,27.70666667,-109.8963889
2012,13,18.59222222,-89.41722222
2012,13,19.57416667,-103.9127778
2012,13,20.7575,-88.93388889
2012,13,22.77222222,-99.27916667
2012,13,25.71805556,-99.25583333
2012,13,29.07833333,-110.93
2012,13.1,18.80416667,-98.95083333
2012,13.1,21.05805556,-104.0513889
2012,13.1,21.8525,-99.37972222
2012,13.1,23.93916667,-98.93583333
2012,13.1,24.4,-99.29166667
2012,13.2,15.87083333,-92.72388889
2012,13.2,19.42388889,-100.9072222
2012,13.2,19.43305556,-96.69777778
2012,13.2,21.35388889,-97.68166667
2012,13.2,22.71277778,-98.85194444
2012,13.2,22.96305556,-98.12805556
2012,13.2,23.725,-98.74527778
2012,13.2,24.42583333,-98.90888889
2012,13.2,25.88694444,-98.80916667
2012,13.2,26.54333333,-111.5491667
2012,13.2,27.56027778,-109.8738889
2012,13.2,21.36527778 ,-99.59027778 
2012,13.2,26.85333333 ,-101.1113889 
2012,13.3,17.14472222,-92.29027778
2012,13.3,18.53111111,-98.9375
2012,13.3,18.92222222,-99.03055556
2012,13.3,18.93083333,-100.5647222
2012,13.3,19.73777778,-88.9575
2012,13.3,20.40444444,-97.84472222
2012,13.3,22.43,-99.30666667
2012,13.3,23.91388889,-106.9041667
2012,13.4,15.75166667,-92.27361111
2012,13.4,16.76166667,-93.10277778
2012,13.4,18.77055556,-100.2572222
2012,13.4,19.96138889,-90.22777778
2012,13.4,22.99666667,-109.8452778
2012,13.4,23.255,-98.83333333
2012,13.4,23.59777778,-97.78027778
2012,13.4,31.02916667,-114.8394444
2012,13.5,17.15972222,-95.91222222
2012,13.5,18.5775,-99.18055556
2012,13.5,18.58305556,-98.71444444
2012,13.5,19.26638889,-104.3416667
2012,13.5,19.33333333,-101.1833333
2012,13.5,19.38416667,-100.8247222
2012,13.5,19.44694444,-96.78361111
2012,13.5,19.69694444,-103.9827778
2012,13.5,21.00805556,-88.28277778
2012,13.5,22.32194444,-98.87
2012,13.5,22.35222222,-99.03861111
2012,13.5,22.52833333,-99.21388889
2012,13.5,22.55,-99.08666667
2012,13.5,22.88194444,-109.9125
2012,13.5,25.73361111,-100.3047222
2012,13.6,16.22888889,-93.2625
2012,13.6,17.46527778,-98.51805556
2012,13.6,18.67111111,-99.5
2012,13.6,18.70027778,-99.38444444
2012,13.6,19.63305556,-88.6875
2012,13.6,23.17833333,-109.7016667
2012,13.6,23.59722222,-109.5861111
2012,13.6,26.88888889,-111.9844444
2012,13.7,18.03333333,-99.04111111
2012,13.7,18.68,-99.46361111
2012,13.7,22.98861111,-99.145
2012,13.7,23.5625,-99.025
2012,13.7,24.93611111,-106.975
2012,13.7,27.48138889,-109.9380556
2012,13.7,29.09888889,-110.9541667
2012,13.8,16.50333333,-96.10833333
2012,13.8,16.63666667,-95.95972222
2012,13.8,18.14444444,-95.29583333
2012,13.8,18.29527778,-99.4775
2012,13.8,19.17638889,-100.2163889
2012,13.8,19.67305556,-90.47361111
2012,13.8,20.54638889,-89.84944444
2012,13.8,20.855,-87.87027778
2012,13.8,22.53333333,-99.33333333
2012,13.8,23.075,-110.0258333
2012,13.8,23.54888889,-98.90388889
2012,13.8,23.76666667,-98.2
2012,13.8,24.26888889,-106.5197222
2012,13.8,24.84722222,-98.15833333
2012,13.8,25.73472222,-111.2694444
2012,13.9,17.14,-92.71416667
2012,13.9,18.20444444,-99.1825
2012,13.9,22.79416667,-98.71611111
2012,13.9,23.08416667,-98.7875
2012,13.9,24.74805556,-107.4344444
2012,14,16.79694444,-93.26527778
2012,14,17.54027778,-98.59055556
2012,14,18.48777778,-99.30611111
2012,14,18.77861111,-99.32361111
2012,14,20.26666667,-103.425
2012,14,20.4275,-97.78666667
2012,14,21.87,-98.68333333
2012,14,22.36111111,-104.4316667
2012,14,22.43333333,-105.1708333
2012,14,23.02277778,-99.09444444
2012,14,23.5625,-106.4666667
2012,14,24.76555556,-107.7030556
2012,14.1,18.52916667,-99.07
2012,14.1,19.45055556,-104.3591667
2012,14.1,20.29,-103.1891667
2012,14.1,21.105,-89.45361111
2012,14.1,21.40805556,-88.505
2012,14.1,22.81833333,-105.305
2012,14.1,23.14444444,-98.75111111
2012,14.1,26.8275 ,-102.725 
2012,14.2,16.90944444,-91.73027778
2012,14.2,17.83861111,-96.3675
2012,14.2,18.61222222,-98.46805556
2012,14.2,18.70583333,-99.09388889
2012,14.2,19.11916667,-99.55194444
2012,14.2,19.35972222,-104.0925
2012,14.2,19.91444444,-104.0636111
2012,14.2,20.03222222,-88.54194444
2012,14.2,20.49277778,-89.71222222
2012,14.2,20.98833333,-87.20444444
2012,14.2,21.11583333,-104.2608333
2012,14.2,21.23944444,-98.00333333
2012,14.2,21.37277778,-98.65527778
2012,14.2,21.63333333,-99.25833333
2012,14.2,22.57166667,-99.02138889
2012,14.2,23.96805556,-106.6083333
2012,14.2,24.44111111,-98.49166667
2012,14.2,25.5625,-108.4611111
2012,14.3,17.7475,-98.65305556
2012,14.3,18.72583333,-99.46916667
2012,14.3,18.81305556,-88.57277778
2012,14.3,19.92916667,-96.85555556
2012,14.3,20.49277778,-90.0775
2012,14.3,21.785,-98.91777778
2012,14.3,22.11805556,-99.16666667
2012,14.3,24.13472222,-110.3361111
2012,14.3,24.61805556,-106.8166667
2012,14.4,16.30888889,-92.48611111
2012,14.4,19.845,-90.27
2012,14.4,19.95611111,-88.94833333
2012,14.4,20.29111111,-89.39472222
2012,14.5,15.34666667,-92.47611111
2012,14.5,16.69194444,-93.56305556
2012,14.5,17.42833333,-93.02861111
2012,14.5,18.33805556,-99.64666667
2012,14.5,18.60055556,-88.80972222
2012,14.5,19.24166667,-103.9661111
2012,14.5,19.31222222,-103.7261111
2012,14.5,19.45,-96.54416667
2012,14.5,20.14,-97.20111111
2012,14.5,21.38555556,-98.99055556
2012,14.5,21.7425,-98.16083333
2012,14.5,23.68055556,-109.6972222
2012,14.5,24.20638889,-99.02111111
2012,14.5,25.46666667,-108.0833333
2012,14.5,25.46944444,-108.0916667
2012,14.6,15.69361111,-92.16111111
2012,14.6,21.50416667,-98.56472222
2012,14.6,22.25527778,-104.5161111
2012,14.6,22.85222222,-99.12
2012,14.6,22.95555556,-97.93583333
2012,14.7,17.655,-99.52527778
2012,14.7,19.225,-104.2322222
2012,14.7,19.35944444,-89.58111111
2012,14.7,20.07055556,-89.04388889
2012,14.7,20.19722222,-90.12222222
2012,14.7,21.32666667,-98.83888889
2012,14.7,23.28861111,-109.4377778
2012,14.7,23.34055556,-106.2405556
2012,14.8,16.16305556,-93.07638889
2012,14.8,17.20833333,-100.7572222
2012,14.8,18.24527778,-99.66194444
2012,14.8,18.29555556,-98.81555556
2012,14.8,19.02222222,-96.61388889
2012,14.8,19.11777778,-103.7455556
2012,14.8,19.60194444,-90.28166667
2012,14.8,21.15361111,-98.38916667
2012,14.8,21.17083333,-98.27916667
2012,14.8,21.20805556,-88.8
2012,14.8,21.47166667,-98.97166667
2012,14.8,21.73472222,-98.95
2012,14.8,21.8925,-98.29
2012,14.8,22.24694444,-99.12083333
2012,14.8,22.72138889,-97.92138889
2012,14.8,22.84611111,-98.72944444
2012,14.8,24.08027778,-109.9944444
2012,14.8,25.34305556,-107.2208333
2012,14.9,16.71666667,-95
2012,14.9,18.39083333,-92.88333333
2012,14.9,20.1,-97.41027778
2012,14.9,21.23666667,-87.93694444
2012,14.9,21.32916667,-97.8775
2012,14.9,21.97666667,-97.99083333
2012,14.9,22.42388889,-98.42277778
2012,14.9,27.24888889,-109.0583333
2012,15,15.70861111,-92.20861111
2012,15,16.28888889,-92.42833333
2012,15,16.72277778,-93.015
2012,15,19.15,-102.225
2012,15,19.5125,-90.41083333
2012,15,20.19333333,-88.36611111
2012,15,20.24416667,-89.32472222
2012,15,20.92944444,-97.67944444
2012,15,21.66666667,-98.97333333
2012,15,21.975,-98.56666667
2012,15,22.00638889,-99.05444444
2012,15,22.82777778,-99.05138889
2012,15,24.79194444,-107.3980556
2012,15.1,18.4375,-95.02555556
2012,15.1,20.25777778,-97.41861111
2012,15.1,20.46222222,-98.07472222
2012,15.1,20.74833333,-97.865
2012,15.1,21.06833333,-97.545
2012,15.1,21.22027778,-98.67444444
2012,15.1,21.76,-99.27
2012,15.1,22.84083333,-99.19138889
2012,15.2,15.9,-92.93333333
2012,15.2,16.27861111,-93.41861111
2012,15.2,18.405,-96.83583333
2012,15.2,19.05611111,-103.7863889
2012,15.2,19.26194444,-103.6133333
2012,15.2,20.31,-105.0497222
2012,15.2,21.80583333,-98.99166667
2012,15.2,22.42305556,-97.945
2012,15.2,22.49888889,-98.825
2012,15.2,22.77888889,-98.10333333
2012,15.2,22.87694444,-98.035
2012,15.2,23.72388889,-106.7816667
2012,15.2,26.01277778,-111.3433333
2012,15.3,17.42916667,-95.01944444
2012,15.3,18.00861111,-88.82305556
2012,15.3,18.01722222,-89.27
2012,15.3,19.05083333,-90.40694444
2012,15.3,19.265,-103.2911111
2012,15.3,20.46361111,-89.22333333
2012,15.3,20.75083333,-89.83
2012,15.3,21.27583333,-97.56
2012,15.3,21.51333333,-98.1775
2012,15.3,21.83583333,-98.81666667
2012,15.3,22.03416667,-104.8619444
2012,15.3,22.50083333,-98.91722222
2012,15.3,22.63527778,-98.91638889
2012,15.3,22.82861111,-99.02083333
2012,15.3,22.94833333,-98.8
2012,15.3,23.02861111,-99.14583333
2012,15.3,23.38833333,-98.81111111
2012,15.3,24.10416667,-98.81138889
2012,15.4,16.45361111,-93.05555556
2012,15.4,16.57194444,-97.66666667
2012,15.4,17.47138889,-99.36916667
2012,15.4,17.79527778,-98.56444444
2012,15.4,18.82388889,-100.1255556
2012,15.4,20.12222222,-88.94833333
2012,15.4,21.01861111,-88.18194444
2012,15.4,21.905,-99.24861111
2012,15.4,24.8275,-107.3802778
2012,15.5,19.33805556,-103.6072222
2012,15.5,19.50277778,-96.61111111
2012,15.5,20.39055556,-88.47611111
2012,15.5,20.88722222,-97.80972222
2012,15.5,21.26,-89.045
2012,15.5,21.41388889,-98.48333333
2012,15.5,22.05916667,-98.17555556
2012,15.5,22.37777778,-105.2541667
2012,15.6,20.58027778,-97.84694444
2012,15.6,20.99083333,-87.78388889
2012,15.6,21.68166667,-97.69388889
2012,15.6,21.68916667,-98.60916667
2012,15.6,22.65861111,-98.69083333
2012,15.6,23.48222222,-98.98027778
2012,15.7,18.22222222,-100.7566667
2012,15.7,18.50416667,-95.03555556
2012,15.7,18.57222222,-88.45944444
2012,15.7,18.736944,-102.788333
2012,15.7,18.77805556,-90.9225
2012,15.7,20.10083333,-89.4625
2012,15.7,20.81111111,-89.44666667
2012,15.7,21.66666667,-98.88444444
2012,15.7,25.80111111,-109.035
2012,15.8,16.58083333,-90.70222222
2012,15.8,17.8225,-101.0769444
2012,15.8,17.91805556,-101.3502778
2012,15.8,18.50833333,-89.395
2012,15.8,19.06722222,-96.15833333
2012,15.8,19.14472222,-90.47944444
2012,15.8,19.36305556,-96.65833333
2012,15.8,19.80222222,-88.75444444
2012,15.8,20.44583333,-97.325
2012,15.8,20.46722222,-89.07944444
2012,15.8,20.54083333,-97.47277778
2012,15.8,20.64333333,-90.21527778
2012,15.8,20.74138889,-89.31555556
2012,15.8,21.13361111,-98.53944444
2012,15.8,21.24111111,-98.75888889
2012,15.8,21.58972222,-88.1475
2012,15.8,21.70166667,-99.04166667
2012,15.8,22.12583333,-98.73
2012,15.9,15.84861111,-91.96805556
2012,15.9,18.25,-95.35972222
2012,15.9,20.07916667,-97.06388889
2012,15.9,21.07888889,-89.28361111
2012,15.9,21.39166667,-98.875
2012,15.9,21.61722222,-98.65277778
2012,15.9,22.54305556,-98.15138889
2012,15.9,22.7425,-98.97222222
2012,15.9,22.99194444,-105.8613889
2012,15.9,23.7,-98.2
2012,16,17.56666667,-99.41888889
2012,16,17.88305556,-96.53305556
2012,16,18.97277778,-91.17583333
2012,16,19.07166667,-100.8283333
2012,16,19.45916667,-89.73805556
2012,16,19.61472222,-90.21666667
2012,16,20.22555556,-87.45805556
2012,16,21.51888889,-98.41027778
2012,16,22.10916667,-97.79861111
2012,16,22.355,-98.2675
2012,16,27.82305556,-109.8858333
2012,16.1,16.49666667,-94.43805556
2012,16.1,17.7225,-101.2111111
2012,16.1,18.43888889,-95.17777778
2012,16.1,21.11638889,-97.41333333
2012,16.1,21.98222222,-98.93194444
2012,16.1,22.07694444,-98.81194444
2012,16.1,22.52944444,-105.4525
2012,16.1,24.79166667,-112.1111111
2012,16.2,15.17388889,-92.32527778
2012,16.2,16.30055556,-95.72666667
2012,16.2,17.11666667,-93.33055556
2012,16.2,17.45,-95.38305556
2012,16.2,18.07916667,-102.6561111
2012,16.2,18.75916667,-99.12111111
2012,16.2,19.02194444,-88.11083333
2012,16.2,20.64305556,-89.46166667
2012,16.2,20.76444444,-87.86472222
2012,16.2,21.48666667,-97.91333333
2012,16.2,21.77722222,-98.44388889
2012,16.2,22.04,-98.41111111
2012,16.2,22.49,-105.3541667
2012,16.2,22.56583333,-97.905
2012,16.2,25.36333333,-106.7005556
2012,16.3,16.41972222,-92.76777778
2012,16.3,16.66222222,-92.95638889
2012,16.3,17.52722222,-92.93055556
2012,16.3,18.98277778,-103.5308333
2012,16.3,19.08861111,-102.3508333
2012,16.3,19.42305556,-96.38805556
2012,16.3,20.59638889,-105.22
2012,16.3,21.62777778,-99.01583333
2012,16.3,22.12222222,-105.2038889
2012,16.4,16.4175,-95.59888889
2012,16.4,16.8225,-99.47833333
2012,16.4,19.10027778,-103.6205556
2012,16.4,21.84166667,-98.925
2012,16.4,22.50333333,-98.61722222
2012,16.5,18.12611111,-89.14361111
2012,16.5,18.2475,-100.5383333
2012,16.5,18.63833333,-90.29833333
2012,16.5,20.36055556,-89.47638889
2012,16.5,21.83222222,-98.50388889
2012,16.5,22.40555556,-105.4583333
2012,16.5,22.45277778,-98.19722222
2012,16.6,18.17305556,-93.62333333
2012,16.6,18.91416667,-101.7177778
2012,16.6,21.80333333,-105.1155556
2012,16.6,22.21611111,-97.99861111
2012,16.7,18.35555556,-100.2744444
2012,16.7,19.21666667,-103.7130556
2012,16.7,19.26138889,-96.41
2012,16.7,20.47916667,-97.00972222
2012,16.7,20.95972222,-97.41888889
2012,16.8,14.91972222,-92.25694444
2012,16.8,16.47527778,-95.28138889
2012,16.8,16.70888889,-93.4025
2012,16.8,16.75,-94.75
2012,16.8,18.00111111,-93.37638889
2012,16.8,18.29666667,-90.69694444
2012,16.8,19.57555556,-88.045
2012,16.8,20.37388889,-90.05222222
2012,16.8,21.56083333,-98.81916667
2012,16.8,21.95833333,-105.1425
2012,16.9,16.68361111,-98.40222222
2012,16.9,17.43444444,-95.49388889
2012,16.9,18.23166667,-88.66555556
2012,16.9,19.20055556,-102.8372222
2012,16.9,19.69444444,-88.37638889
2012,16.9,20.88972222,-105.1366667
2012,16.9,20.93694444,-89.02527778
2012,16.9,21.09583333,-87.48555556
2012,17,16.75277778,-93.11666667
2012,17,17.9975,-93.27861111
2012,17,18.15861111,-100.3880556
2012,17,18.21638889,-91.80138889
2012,17,18.34972222,-99.55
2012,17,18.93833333,-103.9463889
2012,17,18.98805556,-102.1030556
2012,17,20.05194444,-96.97277778
2012,17,20.48861111,-87.7375
2012,17,21.29805556,-98.35638889
2012,17,21.3925,-88.89138889
2012,17,21.725,-105.0333333
2012,17,27.33888889,-112.2697222
2012,17.1,16.64416667,-93.15722222
2012,17.1,18.10833333,-93.345
2012,17.1,18.50305556,-88.48138889
2012,17.2,18.1375,-94.77083333
2012,17.2,18.25833333,-95.94166667
2012,17.2,18.27777778,-103.2233333
2012,17.2,18.78111111,-100.4363889
2012,17.2,18.97083333,-102.75
2012,17.2,19.24694444,-102.7686111
2012,17.2,19.29444444,-90.57583333
2012,17.2,20.72861111,-105.2066667
2012,17.2,21.79777778,-105.3041667
2012,17.2,22.21027778,-98.39055556
2012,17.2,22.81416667,-98.41972222
2012,17.3,16.93888889,-93.82083333
2012,17.3,17.41666667,-94.91388889
2012,17.3,17.86666667,-96.2
2012,17.3,17.92027778,-99.03861111
2012,17.3,19.21138889,-103.8063889
2012,17.3,19.36194444,-103.7936111
2012,17.4,15.9025,-92.48277778
2012,17.4,16.61472222,-98.97083333
2012,17.4,17.82,-92.37333333
2012,17.4,18.41666667,-100.4683333
2012,17.4,18.46666667,-95.43611111
2012,17.4,18.81555556,-103.6341667
2012,17.4,18.96666667,-96.205
2012,17.4,19.0125,-102.2
2012,17.4,19.40833333,-96.51638889
2012,17.4,20.98416667,-89.65805556
2012,17.4,22.21972222,-105.6458333
2012,17.5,16.44194444,-95.44666667
2012,17.5,16.75888889,-98.43833333
2012,17.5,16.94166667,-93.09861111
2012,17.5,17.41666667,-93.38333333
2012,17.5,17.50916667,-91.98222222
2012,17.5,17.56666667,-91.98333333
2012,17.5,17.80083333,-101.6666667
2012,17.5,17.87361111,-94.08888889
2012,17.5,18.7525,-99.85194444
2012,17.5,19.16194444,-104.2655556
2012,17.5,20.00361111,-89.7475
2012,17.5,20.85916667,-90.4
2012,17.6,16.75916667,-93.08861111
2012,17.6,17.78305556,-96.31666667
2012,17.6,18.00138889,-93.61916667
2012,17.6,18.075,-95.7
2012,17.6,18.59722222,-95.44722222
2012,17.6,19.2225,-104.4905556
2012,17.6,19.99416667,-105.1625
2012,17.6,20.63444444,-87.07777778
2012,17.7,15.96305556,-95.70277778
2012,17.7,16.48305556,-94.36777778
2012,17.7,16.75083333,-99.23472222
2012,17.7,17.57194444,-94.16333333
2012,17.7,19.11222222,-103.8838889
2012,17.7,21.51361111,-87.68305556
2012,17.7,21.83944444,-105.1211111
2012,17.7,22.32444444,-98.1475
2012,17.8,15.96666667,-96.06666667
2012,17.8,17.25,-99.58361111
2012,17.8,17.575,-95.18055556
2012,17.8,17.74777778,-100.2027778
2012,17.8,17.8,-93.16
2012,17.8,18.17472222,-93.48888889
2012,17.8,18.46555556,-100.5666667
2012,17.8,18.97888889,-88.21333333
2012,17.8,19.75777778,-89.84305556
2012,17.9,16.96527778,-93.12027778
2012,17.9,18.1875,-96.09444444
2012,17.9,19.17166667,-103.8608333
2012,18,15.14138889,-92.48638889
2012,18,17.85416667,-93.87916667
2012,18,17.99305556,-95.40277778
2012,18,18.08305556,-96.13305556
2012,18,18.125,-94.35555556
2012,18,18.63166667,-91.05027778
2012,18,18.64638889,-95.53194444
2012,18,19.09444444,-96.33888889
2012,18,21.39,-88.1475
2012,18,22.18333333,-98.56111111
2012,18.1,16.28305556,-97.83305556
2012,18.1,16.74055556,-93.03111111
2012,18.1,17.54888889,-92.95333333
2012,18.1,17.68305556,-95.89055556
2012,18.1,18.11111111,-93.49666667
2012,18.1,18.52472222,-91.08916667
2012,18.1,22.23861111,-97.87888889
2012,18.2,15.97916667,-95.68888889
2012,18.2,16.44916667,-95.02416667
2012,18.2,17.31666667,-100.3980556
2012,18.2,17.47444444,-101.2144444
2012,18.2,17.83055556,-95.81111111
2012,18.2,19.16194444,-88.10361111
2012,18.2,19.35555556,-90.72333333
2012,18.2,19.84222222,-90.53166667
2012,18.2,20.64861111,-87.935
2012,18.2,21.02972222,-89.63972222
2012,18.2,21.905,-105.4761111
2012,18.3,18.75888889,-103.7258333
2012,18.3,18.80333333,-103.7738889
2012,18.3,19.33722222,-96.49166667
2012,18.4,17.85444444,-92.93
2012,18.4,18.01666667,-96.28305556
2012,18.4,18.18444444,-91.04611111
2012,18.4,18.3,-98.05
2012,18.4,19.36472222,-96.37444444
2012,18.4,19.59611111,-96.38361111
2012,18.4,19.85611111,-89.29777778
2012,18.4,20.32138889,-90.05888889
2012,18.5,18.25,-96.4
2012,18.5,18.90833333,-103.8744444
2012,18.5,19.2375,-104.5619444
2012,18.5,21.15666667,-86.82027778
2012,18.5,21.29388889,-89.60833333
2012,18.6,16.43444444,-95.37416667
2012,18.6,17.44055556,-100.8791667
2012,18.6,18.00888889,-92.87722222
2012,18.6,24.21194444,-98.48472222
2012,18.7,16.70944444,-99.1225
2012,18.7,18.00472222,-99.27916667
2012,18.7,18.27055556,-95.55694444
2012,18.7,18.77083333,-95.75555556
2012,18.7,19.01666667,-90.31666667
2012,18.7,19.99333333,-105.13
2012,18.8,16.24166667,-93.90833333
2012,18.8,17.48555556,-99.45388889
2012,18.8,17.82861111,-100.3875
2012,18.8,18.475,-100.9763889
2012,18.8,18.50055556,-88.3275
2012,18.8,19.00472222,-103.7313889
2012,18.8,24.26166667,-98.35666667
2012,18.9,17.38083333,-101.0583333
2012,18.9,17.64444444,-101.5511111
2012,18.9,17.85,-93.38333333
2012,18.9,18.25305556,-92.09194444
2012,19,15.365,-92.73111111
2012,19,16.65583333,-98.50055556
2012,19,17.88333333,-95.14583333
2012,19,17.96833333,-91.6
2012,19,17.97388889,-93.76833333
2012,19,18.09194444,-92.13888889
2012,19,18.47583333,-101.3591667
2012,19,18.50166667,-88.29805556
2012,19,19.18888889,-88.52388889
2012,19.1,16.8,-98.7025
2012,19.1,16.97083333,-98.25444444
2012,19.1,17.75666667,-92.605
2012,19.2,17.04166667,-100.1166667
2012,19.2,17.21416667,-93.58166667
2012,19.2,17.44944444,-91.49305556
2012,19.2,17.51333333,-92.92
2012,19.2,17.98333333,-101.8838889
2012,19.2,18.04333333,-91.6575
2012,19.2,18.14972222,-96.08305556
2012,19.2,18.29333333,-88.64166667
2012,19.2,18.31694444,-100.28
2012,19.2,20.51,-86.94611111
2012,19.2,20.86333333,-87.04805556
2012,19.2,21.16527778,-90.03055556
2012,19.3,17.97638889,-102.1080556
2012,19.3,18.10222222,-100.6755556
2012,19.3,20.23694444,-90.10305556
2012,19.3,21.14083333,-98.85416667
2012,19.4,17.80416667,-92.48333333
2012,19.4,18.38416667,-92.6
2012,19.4,19.23638889,-102.77
2012,19.4,20.83722222,-88.52694444
2012,19.5,17.21666667,-100.1122222
2012,19.5,17.55833333,-93.10833333
2012,19.5,18.65472222,-91.76166667
2012,19.6,18.51888889,-88.30083333
2012,19.6,18.93,-104.0811111
2012,19.6,19.84722222,-88.13777778
2012,19.7,17.38055556,-92.75
2012,19.7,18.03361111,-102.1958333
2012,19.8,16.55194444,-95.08444444
2012,19.8,16.57472222,-94.80444444
2012,19.8,16.80055556,-99.17916667
2012,19.8,17.40083333,-93.45
2012,19.8,19.35277778,-96.56388889
2012,19.9,18.35861111,-100.6644444
2012,20,15.45166667,-92.87611111
2012,20.1,15.875,-93.54583333
2012,20.2,16.44666667,-98.64194444
2012,20.2,18.39555556,-93.21222222
2012,20.2,18.78222222,-91.49444444
2012,20.3,16.36888889,-98.54277778
2012,20.3,16.76666667,-99.23444444
2012,20.3,18.70361111,-88.25777778
2012,20.4,15.50055556,-92.94305556
2012,20.4,17.58472222,-101.0061111
2012,20.5,16.71166667,-94.74833333
2012,20.6,17.08527778,-99.09444444
2012,20.6,17.13333333,-100.5194444
2012,20.7,16.63888889,-99.09166667
2012,20.7,16.76305556,-99.74888889
2012,20.7,17.98333333,-92.93333333
2012,20.7,17.99666667,-92.92833333
2012,20.7,18.15416667,-100.5
2012,20.7,20.69027778,-90.4525
2012,20.8,16.73305556,-98.59805556
2012,20.8,18.11055556,-93.56555556
2012,21,15.69777778,-93.21138889
2012,21,17.00722222,-100.0875
2012,21,17.08916667,-100.3261111
2012,21,17.25,-100.5686111
2012,21.2,17.125,-100.3519444
2012,21.4,17.21027778,-100.4166667
2012,21.4,17.93666667,-91.17722222
2012,21.5,15.33083333,-92.65583333
2012,21.5,16.82972222,-99.77833333
2012,21.5,19.0375,-96.13472222
2012,21.6,15.2025,-92.55805556
2012,21.9,18.30416667,-95.84194444
2012,22,14.90805556,-92.26055556
2012,22.2,18.90222222,-103.7919444
2012,22.5,16.86638889,-99.90555556
2012,22.6,16.88805556,-99.86194444
2012,22.9,19.20333333,-104.335
