temperaturamximaextrema_ACUM,latitud,longitud
36,14.61777778,-92.18472222
36.8,14.91972222,-92.25694444
37,14.92083333,-92.25
38.2,15.00222222,-92.40027778
11,15.0275,-92.10416667
37.4,15.14138889,-92.48638889
30.5,15.17388889,-92.32527778
37.5,15.2025,-92.55805556
36.8,15.33083333,-92.65583333
11,15.3325,-92.2675
29.8,15.34666667,-92.47611111
36.3,15.36416667,-92.24805556
31,15.43361111,-92.11416667
35.1,15.45166667,-92.87611111
37,15.50055556,-92.94305556
35.1,15.67,-96.49
35.8,15.70861111,-92.20861111
32.3,15.72861111,-92.96888889
36.4,15.73916667,-96.54444444
33.6,15.75166667,-92.27361111
11,15.81666667,-96.31666667
35.2,15.87083333,-92.72388889
37,15.875,-93.54583333
37.2,15.96305556,-95.70277778
35.2,15.96666667,-96.06666667
37.7,15.97916667,-95.68888889
11,16.06805556,-96.79416667
24.5,16.09138889,-96.465
24.5,16.13916667,-96.44583333
34.8,16.16305556,-93.07638889
22.5,16.16666667,-96.5
34.8,16.18416667,-92.2875
29.6,16.23333333,-92.13333333
37.3,16.24166667,-93.90833333
34.9,16.25,-94.23305556
30.8,16.25111111,-92.13416667
36.2,16.28305556,-97.83305556
24.5,16.28305556,-95.88305556
11,16.30055556,-95.72666667
35.2,16.30888889,-92.48611111
32.3,16.32944444,-96.59388889
11,16.4175,-95.59888889
38.7,16.43444444,-95.37416667
36.2,16.45361111,-93.05555556
33.1,16.47111111,-94.00388889
38.5,16.47527778,-95.28138889
37.3,16.48305556,-94.36777778
33.2,16.50333333,-96.10833333
37.2,16.55,-96.36666667
29.6,16.55194444,-95.08444444
35.8,16.55277778,-92.80416667
37.6,16.57194444,-97.66666667
32.2,16.57944444,-96.73722222
33.8,16.58083333,-90.70222222
36.1,16.6,-97.2
39,16.63666667,-95.95972222
36.7,16.64416667,-93.15722222
38.2,16.66333333,-96.3075
35.4,16.69194444,-93.56305556
36.2,16.71166667,-94.74833333
25.6,16.71416667,-92.62888889
33.3,16.72277778,-93.015
27.3,16.73333333,-92.63333333
30.9,16.73972222,-96.81666667
36.9,16.74055556,-93.03111111
36.5,16.75,-93.13333333
35,16.75277778,-93.11666667
35.4,16.76305556,-99.74888889
35.4,16.78888889,-95.37166667
29.9,16.78916667,-92.82833333
32.2,16.79694444,-93.26527778
37.7,16.8225,-99.47833333
33.7,16.82694444,-96.78055556
33.1,16.87305556,-93.22694444
26.9,16.88694444,-92.71555556
34.1,16.88805556,-99.86194444
11,16.89111111,-97.21611111
34.9,16.90944444,-91.73027778
33.2,16.925,-96.71833333
35.6,16.93888889,-93.82083333
35.8,16.94166667,-93.09861111
37.6,16.95,-99.68333333
26,16.95,-96.72694444
36.7,16.96527778,-93.12027778
31.3,16.98638889,-92.89138889
32.5,16.99722222,-96.4325
31.2,17.00722222,-100.0875
33.3,17.02722222,-96.71027778
33.4,17.06583333,-96.87833333
32.6,17.06583333,-96.62361111
27.5,17.08166667,-92.85111111
34.8,17.08305556,-96.70972222
33.4,17.08916667,-100.3261111
34.5,17.11666667,-93.33055556
18.2,17.125,-96.41666667
32.2,17.13638889,-96.62805556
33.3,17.14,-92.71416667
36.6,17.14833333,-93.42361111
27.6,17.15972222,-95.91222222
30.6,17.17722222,-96.78305556
30.6,17.20722222,-96.79972222
32,17.21666667,-95.45
27.5,17.23222222,-97.00222222
31.3,17.26666667,-96.54972222
28.6,17.28805556,-97.36805556
32.6,17.3,-96.9
30.6,17.33305556,-96.48305556
34.4,17.33527778,-100.3533333
29.5,17.35,-96.15
32.2,17.35,-92.83333333
28.7,17.36666667,-95.93305556
16.8,17.37027778,-98.83777778
36,17.38055556,-92.75
27.2,17.38083333,-97.3575
26.8,17.39972222,-96.93305556
37,17.40083333,-93.45
11,17.41666667,-97.26666667
36,17.41666667,-94.91388889
36.7,17.41666667,-93.38333333
34.8,17.42833333,-93.02861111
35.5,17.42916667,-95.01944444
38,17.43166667,-95.83027778
29.9,17.43305556,-96.54972222
35.1,17.43444444,-95.49388889
35.7,17.44944444,-91.49305556
34.7,17.46111111,-92.7775
11,17.46666667,-97.21666667
35.9,17.51333333,-92.92
33.8,17.51666667,-98.26666667
11,17.51666667,-97.5
25.6,17.51666667,-96.93305556
11,17.53305556,-97.73305556
33.1,17.54,-92.34666667
36.1,17.54027778,-98.59055556
37,17.54888889,-92.95333333
11,17.55138889,-99.50083333
36.4,17.55833333,-93.10833333
34.3,17.55833333,-92.33333333
30.3,17.56694444,-98.7275
11,17.57,-97.61666667
36.3,17.57194444,-94.16333333
33.9,17.57333333,-97.5225
36.3,17.575,-95.18055556
11,17.65194444,-97.81083333
38.7,17.68305556,-95.89055556
26.4,17.68666667,-97.39166667
27.5,17.71,-97.08305556
38.2,17.74194444,-91.76305556
28.8,17.7475,-98.65305556
36.4,17.75666667,-92.605
36.4,17.77777778,-98.72972222
33.9,17.78888889,-97.77194444
36.1,17.79166667,-91.15833333
27.8,17.79527778,-98.56444444
38.4,17.80416667,-92.48333333
37.3,17.82,-92.37333333
31,17.8225,-101.0769444
11,17.82972222,-98.29805556
43.2,17.83861111,-96.3675
32.3,17.85,-97.18305556
11,17.85305556,-97.9
35.3,17.85416667,-93.87916667
34.7,17.85444444,-92.93
35.2,17.87361111,-94.08888889
36.7,17.88305556,-96.53305556
35.9,17.88333333,-95.14583333
11,17.88833333,-97.81777778
40,17.89,-96.99055556
36.4,17.92027778,-99.03861111
35.8,17.93666667,-91.17722222
29.4,17.96666667,-97.41666667
36.1,17.97388889,-93.76833333
37,17.97638889,-102.1080556
28,17.97944444,-98.38472222
37.3,17.98333333,-101.8838889
11,17.98333333,-92.93333333
35.7,17.99305556,-95.40277778
36.1,17.99666667,-92.92833333
36.7,17.9975,-93.27861111
36,18.00111111,-93.37638889
37.6,18.00472222,-99.27916667
33.8,18.00861111,-88.82305556
35.5,18.00888889,-92.87722222
36.3,18.01666667,-96.28305556
36.8,18.01722222,-89.27
38.5,18.03361111,-102.1958333
36.5,18.05666667,-90.82055556
35.5,18.09194444,-92.13888889
35,18.09611111,-99.55638889
34.4,18.10833333,-93.345
37.1,18.10944444,-98.48333333
36.9,18.11111111,-93.49666667
36.5,18.12611111,-89.14361111
36.6,18.13416667,-99.92583333
11,18.13416667,-99.83111111
34,18.1375,-94.77083333
35.5,18.14444444,-95.29583333
11,18.17472222,-93.48888889
36.2,18.18277778,-91.04583333
36.2,18.18444444,-91.04611111
36.5,18.1875,-96.09444444
34.6,18.19916667,-97.88638889
37.9,18.19972222,-98.26027778
32.8,18.2025,-97.4525
30.7,18.22166667,-89.45361111
34.8,18.2225,-99.2075
28.4,18.22777778,-97.57805556
35,18.23166667,-88.66555556
40,18.24527778,-99.66194444
28.9,18.25,-96.81666667
35.8,18.25,-96.4
34.8,18.25,-95.35972222
35.7,18.25305556,-92.09194444
34.2,18.25833333,-95.94166667
37.3,18.27055556,-95.55694444
37.8,18.29333333,-88.64166667
33.9,18.29555556,-98.81555556
37.2,18.29583333,-97.16388889
37.2,18.29805556,-99.11972222
35.6,18.3,-98.05
34.3,18.3025,-99.33277778
27.6,18.31333333,-101.735
34.5,18.32361111,-98.81972222
33.7,18.33,-97.01416667
35.4,18.33194444,-97.47444444
29,18.33527778,-100.0725
11,18.34777778,-99.4775
35.1,18.34972222,-99.55
37.1,18.37555556,-98.36305556
37.9,18.38416667,-92.6
37.4,18.3875,-88.9125
39.2,18.39083333,-92.88333333
34.9,18.405,-96.83583333
28.1,18.43055556,-97.025
36.5,18.45833333,-88.93222222
32.6,18.45944444,-99.40083333
33.6,18.46388889,-97.39305556
35.8,18.46666667,-95.43611111
37.5,18.47111111,-98.77777778
34.4,18.49972222,-88.32638889
34.3,18.50166667,-88.29805556
30.1,18.50277778,-99.79222222
34,18.50305556,-88.48138889
34.5,18.50416667,-95.03555556
34.9,18.50833333,-89.395
35.5,18.51,-88.56861111
33.6,18.51888889,-88.30083333
38.2,18.52,-99.145
34.8,18.52666667,-98.58222222
17.6,18.52805556,-97.14472222
36.4,18.52916667,-99.07
31.2,18.53111111,-98.9375
11,18.545,-100.6
34.2,18.57222222,-88.45944444
38.8,18.5775,-99.18055556
38.1,18.58388889,-99.18416667
33.4,18.59222222,-89.41722222
25.1,18.59611111,-97.93
35.2,18.59722222,-95.44722222
40.5,18.60055556,-88.80972222
31.8,18.60083333,-99.54305556
25.9,18.60388889,-97.2725
36.4,18.60444444,-90.74111111
11,18.61,-99.42444444
34.6,18.61222222,-98.46805556
35.2,18.6125,-98.165
30.9,18.62,-97.41055556
38.2,18.63166667,-91.05027778
11,18.63555556,-90.16555556
35.3,18.63833333,-90.29833333
36.7,18.64333333,-98.69111111
37.8,18.64638889,-95.53194444
36.8,18.64777778,-99.64861111
38,18.65,-99.18333333
39,18.65083333,-98.9925
35.4,18.65472222,-91.76166667
32,18.67111111,-99.5
26.9,18.68,-99.56083333
34.1,18.68,-99.46361111
36.7,18.685,-99.24388889
24.8,18.69166667,-100.4302778
33.6,18.69166667,-98.82472222
37.2,18.70027778,-99.38444444
36.8,18.70583333,-99.09388889
34.7,18.7125,-98.2625
33.3,18.71777778,-99.27861111
34.6,18.72583333,-99.46916667
35.5,18.73,-99.38361111
35.7,18.73333333,-102.75
33.6,18.735,-99.26583333
32.2,18.736944,-102.788333
36.9,18.74694444,-99.675
39.6,18.74888889,-98.16916667
32,18.75027778,-99.62222222
35.8,18.7525,-99.85194444
36.2,18.75722222,-99.37277778
36.2,18.75888889,-103.7258333
35.8,18.75916667,-99.12111111
37.8,18.77055556,-100.2572222
33.9,18.77083333,-95.75555556
32.8,18.77805556,-90.9225
34.1,18.77861111,-98.54083333
32.8,18.78111111,-100.4363889
35.8,18.78222222,-91.49444444
33,18.79805556,-98.81222222
36.2,18.80333333,-103.7738889
29.8,18.80694444,-99.77916667
31.7,18.81027778,-98.95083333
32.6,18.81305556,-88.57277778
39.3,18.81555556,-103.6341667
29.6,18.82611111,-99.82
31.8,18.83694444,-97.54722222
11,18.85,-97.1
29.4,18.85111111,-99.78138889
36.2,18.85444444,-99.22722222
34.1,18.85444444,-99.02166667
31.2,18.85805556,-98.595
27.2,18.85861111,-97.46305556
32.4,18.86027778,-99.32638889
31,18.8675,-99.42916667
33.2,18.86944444,-97.91972222
29.4,18.87805556,-98.77527778
33.2,18.88,-99.15333333
31.8,18.88388889,-98.38027778
26.3,18.885,-98.69027778
11,18.89222222,-99.23333333
30.6,18.89305556,-100.1022222
28.3,18.8975,-98.13222222
29.2,18.89833333,-97.72805556
35.5,18.90222222,-103.7919444
39.1,18.90277778,-100.7361111
34,18.90277778,-99.455
39.1,18.90833333,-103.8744444
39.2,18.91416667,-101.7177778
32.2,18.91694444,-99.68472222
31.2,18.91861111,-99.23416667
27.3,18.92027778,-97.2525
30,18.92166667,-98.45416667
27,18.92194444,-98.55138889
25.8,18.92305556,-99.76611111
25.1,18.92805556,-97.51138889
25.2,18.92861111,-99.72861111
35.9,18.93,-104.0811111
25,18.93055556,-99.93388889
33.5,18.93083333,-100.5647222
31.2,18.93666667,-98.92805556
37.2,18.93833333,-103.9463889
31.3,18.93888889,-98.135
29.3,18.94722222,-98.82916667
26.4,18.9525,-99.55194444
29.7,18.95555556,-98.27527778
39.2,18.96722222,-103.3952778
29,18.96777778,-99.65611111
27,18.96888889,-97.95833333
36.2,18.97277778,-91.17583333
26.5,18.97388889,-99.48472222
36.3,18.98277778,-103.5308333
25.2,18.98277778,-97.35222222
27.3,18.98388889,-97.44166667
33.1,18.98472222,-99.85638889
34.3,18.98694444,-98.91972222
37.3,18.98805556,-102.1030556
26,18.98972222,-99.75583333
26.2,18.99083333,-99.42083333
29.2,18.99388889,-97.80555556
36.8,19.00472222,-103.7313889
35.8,19.00833333,-88.83333333
25.1,19.01,-98.96
36.5,19.0125,-102.2
30.8,19.0125,-98.19305556
11,19.01972222,-97.45055556
27,19.02333333,-97.56694444
30.7,19.02416667,-98.21555556
11,19.02694444,-98.77972222
23.2,19.03666667,-99.25805556
24.8,19.03916667,-99.09388889
28.2,19.0475,-100.1766667
34.6,19.04888889,-104.2983333
29.3,19.05,-98.16666667
36.3,19.05083333,-90.40694444
22.2,19.05333333,-99.87888889
38,19.05361111,-101.4205556
37.8,19.05611111,-103.7863889
11,19.05805556,-100.0530556
24.5,19.05833333,-99.27416667
30.3,19.0675,-100.0783333
30.2,19.06861111,-98.31805556
32.7,19.08361111,-98.73833333
27.7,19.08527778,-97.54138889
28.6,19.08694444,-98.88472222
38.2,19.08861111,-102.3508333
29.8,19.09,-98.53166667
28.4,19.09305556,-98.05944444
37.9,19.09555556,-100.6586111
34.8,19.10027778,-103.6205556
27.3,19.10555556,-98.46361111
37.2,19.11222222,-103.8838889
27.3,19.1125,-97.95611111
34.4,19.11777778,-103.7455556
14.9,19.11861111,-99.78138889
23.4,19.11888889,-99.63194444
32.8,19.12972222,-97.73333333
26.4,19.13222222,-98.07777778
21.9,19.13361111,-97.6625
16.7,19.13444444,-99.17305556
24.7,19.14055556,-98.77222222
36,19.14472222,-90.47944444
26.1,19.14611111,-100.0627778
28.2,19.14666667,-96.95
36.1,19.14777778,-102.3325
34.9,19.15,-102.225
24.5,19.15583333,-99.90722222
34.3,19.16194444,-104.2655556
28.8,19.16194444,-98.40638889
33.9,19.16194444,-88.10361111
37.1,19.16222222,-103.5241667
37.2,19.17166667,-103.8608333
21.4,19.17194444,-99.80611111
27,19.17638889,-100.2163889
28,19.17888889,-99.00277778
35.2,19.18388889,-104.1255556
34.6,19.18888889,-88.52388889
27.4,19.19027778,-98.87083333
17.6,19.19055556,-99.02194444
26.5,19.19666667,-99.12861111
23.6,19.19833333,-99.64833333
27.3,19.19972222,-97.9075
38.4,19.20055556,-102.8372222
27.7,19.20388889,-98.80333333
24.2,19.20777778,-98.75833333
25.6,19.20944444,-99.58861111
36.3,19.21138889,-103.8063889
28.8,19.2125,-96.96388889
37.1,19.21666667,-103.7130556
29.4,19.21944444,-98.24305556
11,19.2225,-104.4905556
35,19.225,-104.2322222
29,19.23333333,-100.1333333
21.6,19.23444444,-99.80805556
28.4,19.23555556,-101.4569444
39.1,19.23638889,-102.77
35.2,19.2375,-104.5619444
26.5,19.23777778,-98.15916667
36.9,19.24166667,-103.9661111
37.5,19.24222222,-103.7202778
27.9,19.24333333,-98.19083333
39.6,19.24694444,-102.7686111
26.8,19.24833333,-99.57555556
28.5,19.25833333,-98.89583333
27.9,19.26138889,-98.37055556
36.9,19.26138889,-96.41
35.8,19.26194444,-103.6133333
18.2,19.26277778,-99.00361111
30.6,19.26361111,-97.14805556
34.6,19.26638889,-104.3416667
37.3,19.285,-104.245
23,19.28527778,-99.65277778
25.6,19.28583333,-99.52361111
30.4,19.29055556,-98.89361111
27.2,19.29111111,-99.71416667
23.3,19.29138889,-97.34194444
38,19.29166667,-104.5583333
25.8,19.29222222,-99.76777778
35.2,19.29444444,-90.57583333
27.2,19.29694444,-99.18222222
28.4,19.29861111,-98.43388889
28.2,19.29888889,-97.76972222
26.7,19.30333333,-99.14805556
22.3,19.30611111,-99.82472222
33.4,19.30638889,-104.8875
26.8,19.30722222,-98.38277778
36,19.31222222,-103.7261111
35.1,19.31555556,-103.9347222
29.3,19.31805556,-97.64722222
29,19.32388889,-98.24666667
27.5,19.33333333,-98.3
30,19.33388889,-99.13222222
35.9,19.33805556,-103.6072222
27.6,19.33888889,-99.68416667
28.7,19.34277778,-98.16055556
27.1,19.34638889,-98.58138889
11,19.34638889,-97.45611111
36.3,19.35555556,-90.72333333
30.8,19.35777778,-98.99166667
11,19.35944444,-89.58111111
34.2,19.35972222,-104.0925
37.6,19.36194444,-103.7936111
37.1,19.36305556,-96.65833333
34.7,19.36472222,-96.37444444
24.3,19.37027778,-100.1569444
26.1,19.37027778,-97.35583333
11,19.37055556,-103.0194444
34.1,19.38416667,-100.8247222
28.3,19.38472222,-98.84611111
26.8,19.38527778,-97.28916667
11,19.38833333,-104.0469444
25.8,19.38861111,-98.02138889
24.2,19.38944444,-100.0758333
22.3,19.39138889,-99.52527778
30.1,19.39361111,-99.5175
27.9,19.39527778,-99.09777778
22.2,19.39916667,-99.90833333
29,19.40361111,-99.19611111
11,19.405,-99.56305556
34.7,19.40833333,-96.51638889
25.6,19.41111111,-99.69944444
26.2,19.41194444,-97.39388889
29.2,19.4125,-99.20166667
27.9,19.41388889,-97.38888889
28.1,19.41555556,-98.14
30.9,19.41583333,-99.04555556
35.3,19.42388889,-100.9072222
23.6,19.42388889,-99.86944444
27,19.42805556,-97.79888889
29,19.42916667,-99.05277778
11,19.44083333,-99.54527778
24.5,19.44305556,-99.46444444
28.2,19.44333333,-98.90277778
33.8,19.44694444,-96.78361111
11,19.45,-96.54416667
36.2,19.45055556,-104.3591667
11,19.45055556,-98.93166667
26,19.45277778,-99.28361111
11,19.45361111,-99.23833333
24,19.45611111,-100.0694444
36,19.45916667,-89.73805556
24.9,19.46222222,-99.77555556
26.5,19.46472222,-97.95805556
29.5,19.46527778,-99.07916667
33.8,19.46527778,-96.46388889
27.6,19.46555556,-99.24555556
26.9,19.47194444,-98.34527778
28.7,19.47222222,-98.99166667
35.3,19.47444444,-104.4058333
26.7,19.47611111,-99.71444444
31.7,19.47666667,-99.09138889
28.2,19.47694444,-98.87777778
26.8,19.47694444,-97.91722222
26.8,19.4775,-99.22083333
30,19.48472222,-98.88638889
27,19.48611111,-97.26416667
29.2,19.49,-97.49444444
27,19.4925,-98.53527778
25.4,19.49388889,-99.84166667
26.1,19.49527778,-99.36777778
33.7,19.50138889,-88.39777778
34.6,19.50277778,-96.61111111
26.3,19.50555556,-98.88194444
36.1,19.50555556,-90.58416667
24.4,19.5075,-100.0977778
27.7,19.50833333,-96.94944444
37.9,19.5125,-90.41083333
25.6,19.51472222,-99.72861111
30.2,19.51527778,-99.17277778
32,19.51805556,-99.11083333
29.1,19.51944444,-98.8125
32.7,19.525,-103.4333333
35.3,19.52722222,-90.18777778
21.2,19.52944444,-99.46416667
28,19.53194444,-98.91055556
28,19.53416667,-99.23944444
25.1,19.53694444,-100.6183333
11,19.53888889,-99.39694444
28.2,19.53972222,-100.4822222
28.7,19.54388889,-98.91277778
30.2,19.55,-96.85
26.2,19.55472222,-98.56805556
26.2,19.55555556,-98.20277778
24.2,19.55805556,-99.41388889
25.7,19.55916667,-99.6
28,19.560156,-99.027075
11,19.56166667,-99.01944444
11,19.56388889,-99.85
36.2,19.56666667,-88.05
28.4,19.56888889,-99.76694444
27.5,19.57083333,-99.2375
29.1,19.57222222,-99.28694444
32.7,19.57277778,-99.665
38.3,19.57416667,-103.9127778
27.1,19.57611111,-98.91388889
38.8,19.57833333,-89.60055556
27.6,19.58055556,-97.95833333
28.1,19.58083333,-97.24777778
28.3,19.58111111,-99.27833333
28.7,19.5825,-100.9238889
25.8,19.58472222,-98.47805556
25.2,19.58611111,-98.56388889
26.2,19.58666667,-98.4275
24.7,19.5925,-98.12555556
28.9,19.59555556,-99.35472222
32.2,19.59611111,-96.38361111
25.5,19.59694444,-98.63194444
30.1,19.60472222,-96.9
30.2,19.60472222,-96.88444444
26.6,19.61027778,-98.64166667
25.6,19.61083333,-97.02722222
27.9,19.61472222,-97.50111111
37.8,19.61472222,-90.21666667
25.7,19.61638889,-99.66833333
25.9,19.62222222,-100.6855556
30,19.62277778,-97.81416667
22.1,19.62333333,-99.28222222
11,19.62388889,-98.67527778
29.8,19.625,-101.2811111
35.1,19.63305556,-88.6875
26.4,19.64,-98.91277778
26.5,19.64694444,-99.61333333
37.4,19.64861111,-103.9833333
25,19.65166667,-101.1513889
28.3,19.65194444,-96.87305556
24.6,19.65527778,-98.22888889
27.9,19.65666667,-99.01722222
25.9,19.6625,-99.95777778
37.8,19.66444444,-89.85916667
27.5,19.66916667,-99.83083333
27.4,19.6725,-99.68333333
36.2,19.67305556,-90.47361111
23.2,19.68416667,-99.12666667
29.5,19.68861111,-101.1761111
27.1,19.68944444,-99.87166667
30.9,19.69166667,-100.5536111
38.2,19.69444444,-88.37638889
28.1,19.695,-99.30166667
40.9,19.69694444,-103.9827778
21.5,19.6975,-97.5475
31.4,19.7,-101.1833333
31.5,19.7,-98.75833333
25,19.70444444,-99.70305556
28.8,19.70444444,-99.21916667
28,19.70722222,-98.44916667
25.2,19.71111111,-99.78888889
36.9,19.71666667,-89.85
33.4,19.71805556,-103.4647222
25.4,19.71944444,-100.0419444
34.8,19.72972222,-90.35083333
26,19.7375,-102.0791667
37.7,19.73888889,-88.70972222
31,19.75083333,-98.94944444
36.8,19.75305556,-103.1811111
25.2,19.75305556,-99.64
37.8,19.75777778,-89.84305556
26.2,19.7625,-97.23472222
29.6,19.76333333,-99.04388889
28.3,19.76916667,-100.1402778
27.2,19.7725,-100.2883333
27.3,19.77472222,-99.16694444
25.9,19.78166667,-99.4725
11,19.78333333,-101.4777778
26.8,19.78416667,-98.83222222
27.5,19.78611111,-97.55277778
30.3,19.79611111,-99.995
29.1,19.7975,-100.995
24.6,19.7975,-99.87444444
25.4,19.79972222,-98.38083333
30.7,19.80111111,-102.6702778
38.8,19.80222222,-88.75444444
26.8,19.8025,-102.2888889
32.8,19.80527778,-101.795
22.2,19.80916667,-100.1294444
20.5,19.81083333,-98.26611111
35.3,19.81111111,-96.91666667
30.8,19.81194444,-100.0813889
26.7,19.81527778,-98.48416667
31.2,19.81527778,-97.36
32.6,19.82333333,-101.0383333
24.3,19.82388889,-98.95444444
28.7,19.82444444,-97.80722222
26.2,19.825,-99.79083333
32.6,19.82638889,-100.8788889
38.1,19.83333333,-90.5
25.4,19.83944444,-98.03277778
37.4,19.84222222,-90.53166667
36.2,19.845,-90.27
28.4,19.84861111,-99.2125
31.8,19.85166667,-98.93638889
24.4,19.855,-99.96777778
30.8,19.85861111,-100.8272222
26.6,19.86,-97.58555556
26.9,19.86166667,-99.9175
32,19.86472222,-98.35583333
31,19.87277778,-98.71805556
35.3,19.87388889,-89.92694444
25.6,19.88583333,-99.555
11,19.88888889,-102.205
31.7,19.89277778,-100.4425
36.8,19.90111111,-88.81194444
28.8,19.90861111,-99.12638889
35.8,19.91444444,-104.0636111
28.5,19.91972222,-100.0122222
31.1,19.92111111,-100.8622222
30.6,19.92305556,-101.7469444
27.8,19.93777778,-99.01194444
26.1,19.94416667,-98.75388889
24.8,19.95388889,-98.32583333
28.2,19.955,-99.14611111
22.2,19.95555556,-99.74555556
35.1,19.95611111,-101.1380556
29.7,19.95805556,-99.53166667
33.9,19.95833333,-102.6
24.9,19.96,-97.96
34.5,19.96055556,-102.5844444
41.7,19.96138889,-90.22777778
31.1,19.96388889,-99.31194444
27.5,19.96472222,-98.51305556
29.6,19.97361111,-102.2652778
28.9,19.975,-102.1269444
27.8,19.98472222,-98.9175
33,19.98555556,-102.2830556
25.1,19.98722222,-98.29722222
35,19.98722222,-97.29833333
38.9,19.98805556,-90.11777778
31.7,19.98944444,-100.5891667
34.8,20.00083333,-97.79416667
35.7,20.00361111,-89.7475
34.5,20.00972222,-103.5152778
33.1,20.01111111,-102.2805556
22.6,20.02194444,-99.93083333
36.8,20.03222222,-88.54194444
31.7,20.0325,-100.7122222
26.6,20.04055556,-98.17388889
29.7,20.04444444,-98.36833333
26.5,20.05083333,-100.1494444
37.2,20.05194444,-96.97277778
28.8,20.05444444,-103.1041667
28.8,20.05611111,-98.33444444
32.1,20.05666667,-99.34833333
30.6,20.05694444,-102.7238889
25.4,20.06111111,-101.8888889
27.3,20.0725,-98.65333333
33.3,20.08333333,-104.0975
25.8,20.08416667,-99.90694444
29.7,20.08416667,-98.3575
28.3,20.08777778,-98.74972222
26.1,20.1,-99.82
35,20.1,-97.41027778
32.1,20.11777778,-102.3741667
26.6,20.11833333,-98.88527778
28.1,20.11972222,-99.54444444
32.4,20.12861111,-101.7488889
37,20.13694444,-90.17472222
25.2,20.14,-99.6025
35.9,20.14,-97.20111111
33.6,20.14361111,-102.8508333
30.3,20.15472222,-98.27388889
32.5,20.155,-99.355
27,20.15944444,-98.55666667
30.6,20.17666667,-98.64527778
30.8,20.17722222,-98.06111111
30.2,20.17861111,-98.06611111
36.4,20.18333333,-90.13333333
35.9,20.19333333,-88.36611111
36.4,20.19722222,-90.12222222
30.1,20.19833333,-100.3633333
33.8,20.20277778,-104.0488889
33.8,20.20722222,-101.8616667
32.2,20.21916667,-99.84583333
30,20.21944444,-98.57861111
31.2,20.22555556,-99.88916667
32.3,20.22555556,-87.45805556
38.9,20.22777778,-103.5694444
30.5,20.22944444,-99.21527778
40.4,20.23666667,-98.32416667
31,20.25777778,-102.5894444
30.8,20.26527778,-98.95805556
30.8,20.27,-102.77
29,20.27222222,-98.66361111
32.2,20.27583333,-101.3588889
30.4,20.27694444,-97.96027778
29.1,20.28083333,-98.65861111
35.4,20.28138889,-101.0063889
29.3,20.28861111,-99.41111111
30.7,20.29,-103.1891667
30.5,20.30555556,-101.5972222
30.4,20.30944444,-99.7225
32.7,20.31944444,-101.4591667
37.1,20.32138889,-90.05888889
29.6,20.33083333,-102.7633333
31,20.33555556,-103.0175
21.8,20.33722222,-98.36194444
35.5,20.3375,-102.2830556
28.2,20.38055556,-98.96444444
31.4,20.38111111,-102.9277778
31.5,20.38277778,-101.1788889
33.5,20.39527778,-103.1355556
38.2,20.40444444,-97.84472222
32.4,20.42055556,-103.5911111
33.1,20.42111111,-99.23111111
38.2,20.42638889,-90.03111111
38.2,20.4275,-97.78666667
32.5,20.43305556,-99.14944444
11,20.43944444,-103.6325
30.4,20.44055556,-99.37416667
37,20.44166667,-97.76138889
33,20.44666667,-101.5363889
32.3,20.455,-100.6208333
36.7,20.46722222,-89.07944444
30.7,20.47972222,-99.22388889
32.3,20.48777778,-100.9627778
31.2,20.48861111,-87.7375
36.8,20.48888889,-97.4875
30.8,20.50055556,-104.7736111
29.5,20.50777778,-99.13555556
35.8,20.51,-86.94611111
32.8,20.51027778,-101.6294444
39.8,20.51027778,-97.66805556
28,20.52972222,-98.63527778
27.8,20.53361111,-98.47777778
29.5,20.53638889,-100.8166667
34.4,20.5425,-102.7930556
32.2,20.54444444,-100.6855556
36.4,20.54638889,-89.84944444
31.1,20.56527778,-101.1997222
31,20.57777778,-100.7455556
33.5,20.59638889,-105.22
35.8,20.59694444,-98.76583333
25.9,20.60805556,-102.2152778
27.2,20.615,-99.11555556
11,20.62083333,-104.5680556
32.9,20.62361111,-103.2411111
32.5,20.62555556,-101.6758333
34.5,20.63444444,-87.07777778
33,20.63944444,-99.32777778
31.4,20.64055556,-98.65527778
37.4,20.64138889,-98.82861111
25.6,20.66416667,-99.13666667
31.5,20.66833333,-101.3372222
31.1,20.67527778,-101.8441667
36.2,20.69027778,-90.4525
32.4,20.69583333,-102.9525
34.4,20.70027778,-103.9761111
31.8,20.71583333,-101.3697222
34.2,20.73527778,-101.2261111
33.5,20.74833333,-97.865
31.8,20.79055556,-87.28027778
33,20.8425,-101.5938889
31,20.8575,-102.22
32.7,20.87,-101.2947222
33.8,20.88222222,-87.54638889
35.5,20.88277778,-103.8366667
35.3,20.88722222,-97.80972222
34.1,20.90638889,-103.9797222
29.6,20.91916667,-100.4313889
30.7,20.92777778,-103.0233333
35.4,20.92944444,-97.67944444
29.6,20.94333333,-101.4302778
34.2,20.94777778,-101.4427778
30.7,20.95777778,-100.8933333
11,20.95972222,-97.41888889
36.8,20.98833333,-87.20444444
28.2,20.99166667,-98.65861111
28.2,20.99416667,-101.9941667
32.6,21.01222222,-101.265
32.6,21.01472222,-101.2661111
31.4,21.01805556,-102.8258333
38.8,21.01944444,-98.34805556
34.8,21.0275,-98.28972222
36.6,21.02972222,-89.63972222
36.8,21.04083333,-98.15305556
38.3,21.05194444,-103.4388889
35,21.09583333,-87.48555556
30.2,21.10777778,-100.8780556
32.5,21.11638889,-97.41333333
32.4,21.13611111,-101.6988889
32.6,21.15222222,-100.9513889
34.4,21.15666667,-86.82027778
29.2,21.18166667,-102.8905556
11,21.20694444,-103.4588889
36.8,21.2125,-103.3638889
29.2,21.22,-100.4961111
36.6,21.22027778,-98.67444444
32.3,21.22388889,-103.6058333
11,21.22444444,-101.82
36.5,21.24111111,-98.75888889
35.2,21.27583333,-89.65388889
38.4,21.29805556,-98.35638889
35,21.29861111,-100.0925
33.2,21.29888889,-104.8766667
31.3,21.29916667,-100.5166667
33.6,21.30944444,-104.9066667
30.9,21.31805556,-105.0130556
11,21.32583333,-101.7138889
37.1,21.32666667,-98.83888889
36.2,21.32916667,-97.8775
11,21.32972222,-103.6141667
35.7,21.345,-98.22611111
32.6,21.34777778,-101.9413889
42.7,21.35388889,-97.68166667
32,21.3575,-102.8455556
33.1,21.36027778,-101.9205556
38.8,21.37277778,-98.65527778
35.2,21.37666667,-104.6183333
36.7,21.378333,-98.763056
32.8,21.38555556,-98.99055556
11,21.39166667,-98.875
38.5,21.40472222,-103.1141667
11,21.41388889,-98.48333333
39.3,21.41805556,-98.88333333
32.2,21.43083333,-99.00833333
34.8,21.43361111,-102.5738889
37.8,21.46166667,-103.0866667
33.2,21.46861111,-103.4619444
40.3,21.47166667,-98.97166667
11,21.48277778,-101.2166667
11,21.48638889,-103.0208333
36.7,21.48666667,-97.91333333
33.8,21.48916667,-104.8930556
40.2,21.49166667,-98.64916667
29.5,21.49944444,-103.5505556
33.8,21.50416667,-98.56472222
36.4,21.54,-102.5966667
38.7,21.56083333,-98.81916667
34,21.56333333,-102.4394444
38.5,21.60472222,-103.3377778
39.2,21.61722222,-98.65277778
27.6,21.62555556,-101.9663889
35.2,21.62777778,-99.01583333
11,21.63166667,-102.3911111
11,21.63333333,-99.25833333
32.7,21.64944444,-103.3397222
28.6,21.65,-101.4797222
38.3,21.65222222,-102.9813889
42.2,21.66666667,-98.97333333
37.8,21.66666667,-98.88444444
30.8,21.66694444,-100.5727778
33.1,21.68166667,-97.69388889
33.8,21.70166667,-99.04166667
33.7,21.72583333,-102.2722222
34.4,21.73111111,-102.4527778
30.5,21.7325,-103.2147222
36.9,21.73472222,-98.95
28.1,21.74222222,-102.7169444
28.9,21.74805556,-102.1702778
31.4,21.75722222,-102.3022222
32.3,21.77361111,-103.3094444
28.9,21.77861111,-102.1038889
32,21.78055556,-102.3716667
39.8,21.785,-98.91777778
33.7,21.79444444,-102.8016667
29.7,21.80194444,-102.2730556
42,21.80583333,-98.99166667
31.8,21.80944444,-102.1297222
11,21.80944444,-99.85444444
29.7,21.81138889,-103.4591667
34.8,21.81416667,-98.01416667
38.2,21.825,-103.7833333
38.1,21.83222222,-98.50388889
30.8,21.83527778,-102.1825
36.7,21.83583333,-98.81666667
31.5,21.8375,-102.5222222
32.3,21.85027778,-102.2908333
33.2,21.86,-102.6638889
36,21.87,-98.68333333
29.9,21.87722222,-102.4633333
28.5,21.885,-102.1091667
11,21.89027778,-102.8325
38,21.89027778,-98.85416667
31.9,21.89555556,-102.3086111
31.5,21.89777778,-101.9925
39,21.905,-99.24861111
11,21.90555556,-102.265
28.8,21.90916667,-102.0869444
29.3,21.91333333,-101.3844444
28.9,21.91638889,-101.9694444
11,21.92138889,-99.99638889
31.7,21.92333333,-103.3163889
26.3,21.93333333,-103.0933333
29.6,21.935,-102.5508333
29.8,21.93777778,-100.5844444
30.7,21.95861111,-102.4758333
29.8,21.96222222,-102.3505556
35.2,21.96444444,-102.6972222
11,21.9725,-102.3625
37.2,21.97361111,-99.00138889
38.2,21.975,-98.56666667
31.2,21.97583333,-102.0619444
31.2,21.98638889,-102.35
32.7,21.99666667,-102.6741667
34.4,22.00027778,-102.8891667
32.1,22.00083333,-102.1988889
42.1,22.001667,-98.761667
39.8,22.00638889,-99.05444444
36.5,22.01694444,-100.375
34,22.01833333,-101.8547222
28.9,22.01888889,-101.9991667
30.8,22.03916667,-101.8925
11,22.05305556,-100.4588889
30.9,22.05888889,-103.3619444
37.1,22.05916667,-98.17555556
30.8,22.07888889,-102.2730556
11,22.08305556,-102.0911111
31.3,22.08833333,-101.9672222
31.9,22.09111111,-102.1813889
34,22.09777778,-102.8719444
35.2,22.09833333,-100.71
31.2,22.10083333,-102.0677778
41.7,22.11,-99.28666667
29.5,22.11777778,-101.3991667
37.3,22.11805556,-99.16666667
32.7,22.12083333,-102.8591667
31.4,22.12333333,-102.5111111
38.7,22.12583333,-98.73
31,22.12805556,-102.3594444
33.1,22.13388889,-99.54
31.1,22.14138889,-102.4152778
31,22.14722222,-102.2791667
33.8,22.15666667,-103.2327778
25.5,22.16444444,-102.5541667
11,22.16638889,-101.9519444
26.8,22.1775,-102.5861111
39.9,22.18333333,-98.56111111
29.2,22.20277778,-102.135
11,22.2075,-101.0222222
30.8,22.20833333,-102.0222222
37.5,22.21027778,-98.39055556
36.1,22.21361111,-98.985
11,22.22361111,-102.1688889
37.9,22.23,-98.41222222
31.2,22.23277778,-102.4436111
40.9,22.24694444,-99.12083333
34.8,22.25305556,-99.67416667
42.4,22.25527778,-104.5161111
32.5,22.26472222,-101.9855556
11,22.28277778,-101.5808333
30.7,22.28611111,-102.2358333
11,22.30694444,-103.5616667
31,22.31333333,-102.1658333
35.6,22.32194444,-98.87
43,22.32444444,-98.1475
30.9,22.33305556,-103.4933333
29.5,22.34722222,-102.7966667
11,22.34722222,-101.7158333
43.7,22.36111111,-104.4316667
31.8,22.36277778,-102.8891667
24.2,22.36277778,-102.2969444
36.9,22.36277778,-99.86416667
34.2,22.3775,-97.91333333
11,22.39583333,-101.8313889
35.3,22.4,-103.7261111
34.3,22.40194444,-99.59944444
37.8,22.40555556,-105.4583333
32,22.41194444,-99.84694444
38,22.42388889,-98.42277778
39.8,22.43,-99.30666667
34.6,22.43194444,-100.2808333
30.9,22.43333333,-105.1708333
32.2,22.43888889,-102.2516667
31.4,22.44194444,-101.7855556
32.9,22.45305556,-102.3472222
32.7,22.45472222,-103.1536111
27.9,22.46805556,-104.2166667
31.8,22.48527778,-99.56277778
31.4,22.4875,-102.46
11,22.49055556,-103.8388889
23.2,22.52083333,-104.3186111
36.5,22.53333333,-99.33333333
31,22.54444444,-103.5663889
31.4,22.54805556,-102.7908333
31.3,22.57777778,-102.2694444
11,22.60444444,-101.4386111
30.3,22.60972222,-103.0975
30.2,22.61694444,-102.7672222
27,22.6175,-100.3980556
29.7,22.62361111,-103.4116667
38.2,22.6375,-105.3208333
11,22.64277778,-103.0019444
29.1,22.64972222,-103.6997222
29.9,22.65333333,-102.355
36.5,22.66194444,-99.90611111
29.1,22.6625,-103.3575
27.9,22.66861111,-101.1294444
33.6,22.68611111,-103.6025
34.7,22.72111111,-102.6866667
31.9,22.74555556,-102.3694444
11,22.74694444,-102.5066667
27.8,22.76138889,-102.5766667
25.9,22.7675,-102.5886111
11,22.77194444,-103.9441667
31.3,22.77277778,-103.5686111
24.3,22.77888889,-102.5669444
36.2,22.79833333,-105.265
31.1,22.82361111,-102.9516667
11,22.83166667,-102.4988889
30.2,22.84472222,-103.3825
37.4,22.85222222,-99.12
28.8,22.85805556,-102.6066667
11,22.87694444,-98.035
31.8,22.88194444,-109.9125
28.8,22.90861111,-102.6597222
29,22.91166667,-103.2780556
31.2,22.92027778,-101.095
29,22.92583333,-103.1127778
32.2,22.94083333,-102.4875
11,22.98861111,-99.145
29.5,22.99277778,-102.8372222
11,22.99694444,-102.6605556
37.6,23.02277778,-99.09444444
35.2,23.05305556,-109.915
32,23.06944444,-109.7069444
33.2,23.075,-110.0258333
38,23.08416667,-98.7875
26.2,23.09194444,-103.6711111
34.5,23.10833333,-109.8541667
31.6,23.11444444,-101.5458333
39,23.14444444,-98.75111111
29.1,23.14805556,-101.3430556
32.6,23.16444444,-101.8858333
30.4,23.17388889,-102.8908333
37.8,23.17833333,-109.7016667
37.6,23.21666667,-99.07666667
35,23.22083333,-110.1444444
29,23.23166667,-103.6438889
11,23.23888889,-99.09611111
32.5,23.24138889,-102.5747222
32.6,23.24888889,-103.8047222
29.8,23.27083333,-109.7791667
29.7,23.28166667,-103.1088889
32.6,23.28861111,-109.4377778
30.2,23.28888889,-102.3441667
29.8,23.33194444,-109.9472222
36.6,23.34055556,-106.2405556
11,23.34583333,-109.6458333
31.2,23.36388889,-110.1652778
34.7,23.38527778,-109.8169444
34.5,23.4225,-100.1180556
37.5,23.43888889,-110.0694444
34.8,23.44111111,-109.7944444
34.7,23.44861111,-110.2233333
11,23.44972222,-102.9597222
30.8,23.45027778,-102.3891667
26.5,23.45361111,-105.8258333
33.2,23.45361111,-99.50916667
29.2,23.47194444,-103.88
31.2,23.47222222,-109.4527778
30,23.47388889,-103.5813889
32.8,23.49777778,-102.1336111
37.5,23.53333333,-110.0744444
33.5,23.54222222,-110.1491667
28.4,23.55555556,-103.5669444
34.9,23.5625,-106.4666667
33.2,23.57444444,-99.85666667
29.2,23.58,-103.2638889
37.8,23.58194444,-110.2208333
33,23.59722222,-109.5861111
29.2,23.61805556,-101.7230556
35.4,23.62666667,-98.37083333
30.4,23.63472222,-103.6397222
30.3,23.63888889,-103.6366667
30.2,23.64583333,-100.7011111
26.4,23.64972222,-103.4475
36,23.68055556,-109.6972222
32.6,23.69027778,-109.9444444
24.9,23.69027778,-105.3527778
33,23.69305556,-103.0936111
36.5,23.69583333,-110.1194444
36.9,23.69916667,-99.18805556
35.4,23.7,-98.2
32.8,23.72388889,-106.7816667
39.6,23.725,-98.74527778
37.7,23.73222222,-99.17722222
29,23.73333333,-101.2244444
34.8,23.74166667,-109.8402778
39.1,23.74777778,-99.17166667
33.1,23.75555556,-110.2705556
31.9,23.78333333,-102.1602778
35.1,23.80222222,-110.1091667
38.8,23.80694444,-110.0583333
32.3,23.81694444,-103.0258333
26.6,23.82166667,-104.9261111
28,23.83444444,-105.0416667
33.8,23.87805556,-110.1130556
34,23.88527778,-100.9513889
34.4,23.89305556,-110.1430556
34.9,23.91388889,-106.9041667
39.4,23.91861111,-99.00444444
11,23.95666667,-103.4475
29.3,23.96444444,-104.735
36.3,23.96805556,-109.9361111
11,23.98333333,-99.75
21.1,23.98638889,-104.6361111
32.3,24.00138889,-103.0194444
36.4,24.03611111,-110.125
41.2,24.07083333,-98.74222222
33.8,24.08027778,-109.9944444
37.4,24.08388889,-99.12694444
33,24.09472222,-104.5997222
37.3,24.10305556,-99.81833333
36.5,24.13472222,-110.3361111
36.8,24.14583333,-110.2055556
38.5,24.14833333,-105.9527778
29.2,24.14861111,-110.5677778
36.6,24.18138889,-99.59527778
28.5,24.20527778,-104.6580556
30,24.21444444,-101.9222222
30.2,24.25138889,-103.7955556
40,24.2525,-99.43444444
35.6,24.26888889,-106.5197222
11,24.28166667,-103.3977778
30.1,24.2875,-103.4430556
32.6,24.28861111,-103.5066667
36.2,24.30416667,-111.2125
37.6,24.32222222,-102.8844444
37.5,24.32361111,-107.3677778
32.2,24.39166667,-111.1083333
36,24.40111111,-103.7369444
37.6,24.44333333,-103.1325
26.2,24.44388889,-105.785
38.5,24.46972222,-111.0016667
11,24.4875,-106.9541667
11,24.52277778,-105.9516667
37.2,24.55277778,-103.9641667
38,24.56666667,-99.55111111
34.2,24.57666667,-102.7802778
33.4,24.59027778,-111.4638889
36,24.59388889,-110.9916667
30.8,24.62138889,-101.3894444
35.8,24.63138889,-102.7827778
29.6,24.64055556,-103.6983333
27.4,24.64055556,-101.5558333
32.5,24.65138889,-111.2152778
33,24.65833333,-107.8422222
11,24.66694444,-99.25388889
31.9,24.73666667,-103.5855556
35.6,24.74805556,-107.4344444
36.7,24.76555556,-107.7030556
37.7,24.77972222,-111.15
11,24.79166667,-112.1111111
36.1,24.79194444,-107.3980556
32.7,24.79305556,-104.0377778
37.5,24.8,-107.1625
28.8,24.80694444,-104.9219444
11,24.80833333,-105.1338889
34.9,24.8125,-110.9805556
38.9,24.82861111,-111.2188889
37.7,24.83888889,-111.1272222
35.8,24.84027778,-111.7833333
11,24.84444444,-110.9736111
34.6,24.86944444,-103.6983333
40.2,24.9075,-111.2905556
37.5,24.93,-111.6283333
35.8,24.93611111,-107.82
23.2,24.99166667,-111.4
11,25.00055556,-111.8338889
37.2,25.00972222,-111.6466667
37.3,25.03222222,-111.6702778
34.5,25.05,-105.4152778
42.1,25.05333333,-111.1222222
28.2,25.0625,-106.5305556
37.2,25.09166667,-111.3255556
38.4,25.09444444,-111.5083333
36.4,25.09444444,-107.3930556
33.9,25.12083333,-111.8133333
43.8,25.12222222,-111.9541667
11,25.12916667,-106.3625
11,25.18194444,-99.83222222
35.7,25.18333333,-104.5625
37.1,25.18888889,-111.4111111
30.8,25.19527778,-112.1111111
39,25.20138889,-111.5597222
34.2,25.22055556,-105.4488889
38.7,25.22222222,-108.1902778
11,25.26166667,-111.7744444
11,25.26527778,-103.7736111
42.1,25.27916667,-111.2852778
35.3,25.33555556,-111.6391667
37.8,25.34194444,-107.5430556
39.5,25.34305556,-107.2208333
32.1,25.34611111,-100.28
28.4,25.35,-105.1
38.6,25.3625,-111.1722222
11,25.36333333,-106.7005556
37.4,25.36805556,-111.5194444
36.8,25.39722222,-111.755
34.8,25.42,-104.28
37.6,25.42944444,-100.1288889
37.6,25.46944444,-108.0916667
33.4,25.49027778,-111.9152778
30.2,25.5,-105.25
41.2,25.50138889,-99.52138889
37.4,25.50555556,-103.6538889
36.2,25.54333333,-99.84027778
34.3,25.54611111,-103.5219444
30.5,25.54833333,-104.5838889
37.2,25.5625,-108.4611111
34,25.56722222,-104.2916667
32.1,25.57555556,-105.2197222
35.8,25.5875,-111.6402778
36.9,25.59722222,-111.3361111
28.8,25.60083333,-105.7463889
31.6,25.61388889,-111.7461111
33.6,25.61444444,-105.0036111
24.1,25.61694444,-106.3244444
27.4,25.65222222,-104.5291667
36.5,25.66111111,-108.06
39.1,25.66777778,-108.02
38.9,25.71527778,-107.9163889
37,25.71805556,-99.25583333
38.1,25.73361111,-100.3047222
34.4,25.73472222,-111.2694444
11,25.76111111,-112.0375
30.4,25.76666667,-105.7858333
29,25.76666667,-104.9333333
29.1,25.77361111,-104.2877778
34.7,25.81388889,-103.5741667
36,25.83222222,-103.8466667
11,25.83333333,-97.43333333
29.5,25.86527778,-111.5444444
11,25.87222222,-108.3236111
31,25.87861111,-104.1625
39.2,25.95916667,-112.0819444
30.4,26.00444444,-105.5266667
34.9,26.01277778,-111.3433333
11,26.01666667,-111.3472222
37.9,26.04305556,-107.4566667
36.8,26.05833333,-111.825
36.2,26.10638889,-103.4427778
27.1,26.12694444,-105.0166667
35.1,26.14,-103.7591667
34,26.14166667,-111.4555556
36.5,26.18194444,-112.0777778
38.6,26.22472222,-111.475
34.7,26.23111111,-104.4983333
34.6,26.23222222,-98.59694444
34.8,26.25583333,-98.80638889
30.1,26.25694444,-112.4827778
36.3,26.32388889,-104.3511111
35.5,26.34861111,-112.1708333
11,26.38055556,-112.5986111
38.1,26.49333333,-99.52416667
29.6,26.50611111,-105.6441667
35,26.52083333,-112.5041667
35.5,26.52666667,-112.6533333
31.2,26.52916667,-104.1344444
34.8,26.54333333,-111.5491667
37.8,26.58888889,-112.7222222
40.1,26.62916667,-112.3327778
35,26.68555556,-103.7469444
38.4,26.7,-108.3166667
27.1,26.71555556,-113.5741667
34.6,26.74166667,-104.3380556
40.8,26.76194444,-108.7833333
37.8,26.76416667,-112.4186111
32.4,26.76694444,-108.8216667
41.1,26.81555556,-108.9980556
38.8,26.82083333,-112.7972222
34.7,26.88888889,-111.9844444
36,26.89777778,-103.8527778
33.1,26.91833333,-109.4533333
39.6,27.01194444,-109.4922222
37.4,27.05944444,-109.0063889
34.5,27.06111111,-112.2388889
40,27.06388889,-100.0133333
38.4,27.07194444,-109.4433333
11,27.12555556,-109.8419444
37.4,27.1375,-112.9055556
31.3,27.15416667,-112.1527778
11,27.19361111,-109.1955556
35.6,27.22138889,-112.2205556
31,27.28333333,-112.25
11,27.29166667,-109.3583333
38.2,27.29861111,-112.875
11,27.3,-109.9683333
33,27.33888889,-112.2697222
37.2,27.35305556,-109.8594444
11,27.35416667,-110.0355556
11,27.39305556,-108.5361111
11,27.40944444,-110.0375
11,27.41111111,-112.5777778
11,27.41194444,-108.8766667
11,27.415,-109.6283333
36.3,27.45472222,-110.0361111
39,27.48138889,-109.9380556
11,27.48333333,-109.9166667
35.6,27.51944444,-109.2530556
35.5,27.54388889,-105.4119444
35.7,27.54861111,-113.3888889
11,27.54861111,-112.975
35.7,27.55,-110.5
34,27.57722222,-105.3713889
37.4,27.58416667,-110.3244444
11,27.59833333,-113.0319444
39.1,27.59833333,-109.9302778
34.1,27.64722222,-113.4430556
11,27.68888889,-114.8972222
37.9,27.71305556,-109.9041667
11,27.77666667,-109.9044444
11,27.82305556,-109.8858333
38,27.84083333,-109.3675
11,27.84694444,-115.0813889
34.5,27.88472222,-113.7777778
29.1,27.96805556,-114.0458333
37.8,27.98333333,-110.9666667
37,28.28333333,-110.7
31.6,28.46666667,-109.5333333
38.7,28.47333333,-110.31
34.9,28.625,-109.9525
34,28.67055556,-106.1302778
40.6,28.75,-109.6344444
28.9,28.75972222,-107.6975
11,28.77166667,-107.2555556
34.8,28.77333333,-105.9636111
27.3,28.80277778,-106.4847222
11,28.82277778,-111.9366667
11,28.89666667,-110.8319444
11,28.89666667,-110.25
37.4,28.90361111,-111.555
29.6,28.93194444,-109.7483333
30.6,28.95,-107.8166667
38.6,28.97861111,-105.3116667
39.3,29.00361111,-110.1377778
38.4,29.05527778,-109.2327778
11,29.09888889,-110.9541667
38.7,29.12666667,-110.3147222
11,29.20444444,-110.1402778
38.9,29.21333333,-110.7286111
32.9,29.26361111,-107.4572222
41.1,29.27083333,-110.6358333
37.2,29.42694444,-110.3922222
35.6,29.71055556,-110.5705556
34.9,29.825,-110.2261111
11,29.83666667,-111.4788889
39,30.05055556,-111.0213889
30.9,30.05472222,-106.9069444
11,30.15555556,-110.245
32.2,30.21055556,-108.9572222
31.4,30.33583333,-110.1675
31.7,30.39777778,-107.9072222
11,30.45194444,-111.2061111
32.5,30.53333333,-111.1166667
35.7,30.59888889,-110.8958333
34,30.59888889,-110.2386111
34.6,30.615,-110.9488889
32.8,30.63194444,-109.97
11,30.66583333,-111.405
11,30.78333333,-110.85
35.3,31.02916667,-114.8394444
11,31.14833333,-109.5413889
32.6,31.22833333,-110.5933333
31.2,31.31861111,-110.9458333
11,31.32694444,-109.9477778
27.9,31.61027778,-115.9375
36.7,31.86138889,-112.8544444
30.3,31.89583333,-115.5972222
38.5,32.41277778,-115.1919444
37.9,32.47611111,-114.7619444
35.1,32.54388889,-116.6783333
41.1,32.55,-115.4666667
37.2,32.71527778,-114.7288889
28.2,20.12833333 ,20.12833333 
26.4,20.12916667 ,20.12916667 
26.9,20.18472222 ,20.18472222 
34.8,20.37416667 ,20.37416667 
29.4,20.3825 ,20.3825 
28.3,20.38388889 ,20.38388889 
33.1,20.39305556 ,20.39305556 
29.1,20.48611111 ,20.48611111 
31,20.49194444 ,20.49194444 
32.3,20.50416667 ,20.50416667 
27,20.51305556 ,20.51305556 
30.7,20.52194444 ,20.52194444 
31.1,20.57027778 ,20.57027778 
31.1,20.58333333 ,20.58333333 
28.2,20.69333333 ,20.69333333 
28.3,20.69861111 ,20.69861111 
11,20.70444444 ,20.70444444 
29.4,20.71916667 ,20.71916667 
31.7,20.74166667 ,20.74166667 
31.2,20.78555556 ,20.78555556 
30.8,20.81472222 ,20.81472222 
20.8,20.85055556 ,20.85055556 
32.3,20.85333333 ,20.85333333 
39,20.85722222 ,20.85722222 
31,20.90416667 ,20.90416667 
24.1,20.91611111 ,20.91611111 
11,21.04 ,21.04 
38,21.05 ,21.05 
11,21.13527778 ,21.13527778 
32.8,21.14833333 ,21.14833333 
39,21.21666667 ,21.21666667 
36.3,21.24222222 ,21.24222222 
33.4,21.32527778 ,21.32527778 
11,21.36527778 ,21.36527778 
35.2,21.54833333 ,21.54833333 
35.3,25.06805556 ,25.06805556 
34.5,25.11611111 ,25.11611111 
11,25.38305556 ,25.38305556 
31,25.43333333 ,25.43333333 
34,25.43833333 ,25.43833333 
36.8,25.48944444 ,25.48944444 
11,25.51833333 ,25.51833333 
11,25.52777778 ,25.52777778 
11,25.53916667 ,25.53916667 
36.8,25.54222222 ,25.54222222 
36.1,25.62277778 ,25.62277778 
39.9,25.69666667 ,25.69666667 
34.5,25.72972222 ,25.72972222 
39,25.75722222 ,25.75722222 
38.4,25.75888889 ,25.75888889 
11,25.77388889 ,25.77388889 
11,25.93916667 ,25.93916667 
11,25.97694444 ,25.97694444 
11,26.12805556 ,26.12805556 
11,26.39277778 ,26.39277778 
35,26.8275 ,26.8275 
36.5,26.84138889 ,26.84138889 
39,26.90833333 ,26.90833333 
32.9,26.93472222 ,26.93472222 
38.1,26.93916667 ,26.93916667 
39.4,27.22916667 ,27.22916667 
30.5,27.28555556 ,27.28555556 
33.7,27.3125 ,27.3125 
35.8,27.88666667 ,27.88666667 
34.2,27.9797222 ,27.9797222 
35.6,28.48722222 ,28.48722222 
37.4,28.7 ,28.7 
37.2,29.03638889 ,29.03638889 
35.2,29.15861111 ,29.15861111 
